time,Аларский,Балаганский,Баяндаевский,Бодайбинский,Боханский,Братск,Братский,Жигаловский,Заларинский,Зиминский,Иркутск,Иркутский,Казачинско-Ленский,Катангский,Качугский,Киренский,Куйтунский,Мамско-Чуйский,Нижнеилимский,Нижнеудинский,Нукутский,Ольхонский,Осинский,Слюдянский,Тайшетский,Тулунский,Усольский,Усть-Илимск,Усть-Илимский,Усть-Кутский,Усть-Удинский,Черемховский,Чунский,Шелеховский,Эхирит-Булагатский
2004-01,-23.772268,-25.412947,-23.684399,-32.716236,-20.824106,-27.043486,-27.870098,-24.372925,-27.497965,-26.399656,-20.553102,-21.99559,-26.460192,-35.65921,-25.045248,-33.441345,-26.699219,-31.27587,-30.239616,-29.30356,-23.032017,-27.71154,-21.296825,-19.794817,-28.342478,-28.244211,-22.401571,-32.22365,-32.779976,-31.178877,-26.228964,-25.112785,-29.175734,-21.827587,-23.122435
2004-02,-15.172204,-15.765764,-15.429131,-23.139246,-15.844977,-18.737028,-18.228796,-16.099646,-15.347301,-15.109563,-15.020289,-16.042141,-18.292156,-24.857353,-16.661547,-20.800104,-16.808975,-21.34076,-18.778688,-21.720484,-16.254944,-15.513105,-14.856252,-14.104277,-18.870283,-18.208652,-14.7627325,-18.342905,-19.031462,-19.514202,-15.775004,-14.953098,-18.751465,-15.655357,-16.739573
2004-03,-23.629992,-27.116,-22.499216,-24.339493,-22.63971,-31.970642,-31.716488,-26.75656,-22.311047,-25.514263,-19.283457,-19.941067,-25.707623,-32.614506,-25.763834,-29.74335,-28.14524,-27.063934,-31.091911,-27.852352,-24.097914,-24.446987,-23.033707,-17.446648,-30.661823,-26.460361,-19.568745,-32.99777,-33.469128,-30.104565,-27.224863,-20.282463,-31.987991,-19.770132,-22.395605
2004-04,-0.7225733,-1.8611205,-3.0883572,-5.6160703,-0.76958984,-6.0520153,-5.80117,-4.3619976,-0.7107407,-1.8648056,0.8887634,-2.876595,-6.684044,-9.001308,-5.2890463,-6.317522,-2.3833454,-6.334028,-5.9857616,-3.2859752,-0.59053767,-5.8340073,0.48397812,0.46789974,-6.597016,-2.3939865,1.6030807,-6.3907514,-7.4207234,-6.938769,-3.0426078,0.5751571,-8.521089,1.2260851,-2.4862516
2004-05,6.113046,7.302513,0.99605924,2.7337503,4.973205,8.017517,8.626666,3.7066038,6.986674,7.898724,4.5570054,0.16423486,3.2040594,4.4854484,1.5668706,2.910894,8.609818,1.7158692,5.905375,9.224314,6.32989,-1.6299803,5.1269245,0.5658613,13.2943735,8.7935,5.9902854,6.149639,6.440949,2.9726954,6.4723616,5.7478075,12.136064,4.629063,1.4706465
2004-06,16.482962,17.178001,10.274957,14.285836,15.996955,17.201239,17.631006,13.866079,15.471385,17.010733,14.792172,11.232204,16.150906,16.919456,13.153458,15.464941,17.532568,14.376767,17.56975,15.338446,16.806648,8.713213,16.405367,12.236536,20.412676,16.924154,14.827262,19.051702,18.506779,16.863487,16.507198,14.450691,20.170664,14.349185,12.851433
2004-07,29.568815,28.095705,27.303005,17.168829,28.522156,21.91015,22.58436,26.252085,28.207926,29.963028,26.307474,24.33474,22.895008,18.330118,26.222464,21.16685,28.724527,19.62919,21.496548,25.191265,29.79287,19.874794,29.275303,22.28694,24.093758,27.910479,27.032654,21.647024,21.343407,21.887014,26.18703,26.7428,22.193493,26.807673,27.53657
2004-08,21.35466,21.111294,21.050915,8.830671,21.185413,20.75474,20.28626,18.70669,19.219147,20.932423,20.596804,20.408361,15.80451,10.732604,18.51686,12.292787,21.291885,11.025168,17.647411,17.650997,22.13596,18.971827,21.182467,18.264948,20.399782,19.965614,19.125423,15.260657,15.530868,15.989074,19.9911,18.312227,19.521973,19.690502,20.712042
2004-09,3.2168653,2.5822034,-1.2929012,10.472273,0.6398233,1.2296867,1.6940432,0.89370584,3.7956727,4.487878,-0.28740692,-1.8520375,5.300058,7.519712,-0.79684746,7.9983835,3.5454295,9.678435,1.7504119,0.3892014,2.8872797,-1.9030093,1.4801048,-1.1760137,1.7853551,3.7045965,1.4529997,0.3241539,0.43606532,2.2006295,2.242641,3.0807514,1.321674,0.055016834,-1.1383877
2004-10,1.1421623,1.2741468,2.202413,-11.227545,1.0998849,-0.5005557,-0.38786358,-1.0313716,-0.44990197,1.5718763,3.5517719,2.5161483,-4.2856445,-10.632374,-0.32917917,-7.386669,1.1592574,-7.4764967,-4.7402754,-1.4863845,1.9959663,2.7128232,2.4007926,3.2696745,2.1306903,1.227544,1.8404729,-5.5841255,-5.0460005,-5.2832255,-0.6186903,-0.08140778,0.1531221,2.5212214,2.3409057
2004-11,-9.820224,-11.232705,-14.064538,-19.453289,-7.275225,-17.29807,-16.244303,-15.980015,-12.994711,-9.704951,-2.4931247,-5.0550485,-15.196177,-17.94815,-16.257017,-20.400562,-9.132575,-19.183352,-18.312193,-13.618017,-9.443974,-15.826548,-9.126859,-5.2982364,-14.8105545,-8.963855,-4.4963813,-20.21823,-20.73194,-19.96489,-13.74065,-9.301347,-17.29574,-3.7079155,-9.775977
2004-12,-25.902384,-24.914944,-24.42253,-41.971024,-24.283993,-25.099386,-27.552181,-27.870518,-28.175695,-26.566975,-17.356085,-19.23311,-31.152714,-40.36432,-26.630278,-35.764725,-26.650515,-40.39482,-29.498495,-25.968613,-24.178728,-19.373346,-24.006315,-18.794945,-24.88259,-26.111706,-20.96565,-33.56323,-32.590244,-31.792486,-26.802021,-24.90212,-27.326105,-19.32047,-23.459063
2005-01,-14.443265,-14.702804,-16.525412,-22.784094,-15.412905,-14.1142435,-15.161753,-15.150052,-15.951997,-15.026318,-15.338223,-18.34385,-18.056253,-25.740774,-16.894629,-20.787762,-15.2595825,-20.877247,-16.77718,-17.349874,-14.583534,-20.876593,-13.398685,-16.487007,-13.1253395,-15.687332,-15.803925,-19.370724,-18.983126,-18.154446,-14.422819,-16.986671,-14.355448,-15.833326,-18.690283
2005-02,-29.271513,-27.105684,-25.30035,-30.100187,-28.305286,-30.01835,-28.30524,-24.68898,-25.67157,-26.921232,-27.557768,-27.632885,-25.303762,-32.791664,-25.810183,-29.69345,-27.643463,-28.609598,-27.858593,-26.418457,-28.392256,-25.376192,-26.51716,-24.383564,-27.554714,-26.041304,-25.495096,-30.756609,-30.044077,-26.70701,-25.520685,-25.36583,-29.140331,-26.908869,-25.546461
2005-03,-20.592386,-20.27611,-20.65514,-16.961712,-19.945162,-22.184784,-21.721972,-19.012247,-17.887154,-19.573845,-19.777952,-20.974203,-17.539408,-24.601854,-20.27155,-19.977262,-21.013268,-18.762592,-21.69826,-21.648788,-20.328526,-21.320696,-18.532661,-18.21736,-21.913282,-19.857098,-18.257662,-20.147657,-21.844952,-20.597963,-19.527512,-16.96615,-21.91414,-19.581944,-20.965868
2005-04,1.6189051,2.5226426,4.5785346,-6.001382,1.6097319,2.0037575,2.0927813,4.3927155,4.694064,4.025048,1.0860023,-0.7453259,2.2669818,-4.4523215,3.793709,-0.6221445,2.5660253,-3.2092087,2.9452705,-0.91797346,1.32411,-0.6190714,2.8882463,2.6029792,-1.1999985,2.9936097,3.5805843,2.0216064,1.3816787,1.4248164,3.8429258,4.909698,1.0862107,1.6072518,3.1022937
2005-05,2.5800245,2.3204134,-0.30866387,4.833596,2.280744,-1.3582726,0.31545714,0.6130365,3.6785839,3.4349816,3.468488,-0.32068956,4.5435443,5.871727,-1.5988557,4.984134,3.433905,5.16302,4.1868153,2.3448577,3.065139,-3.3252482,2.6082757,2.9588978,1.7390697,3.2839081,4.7160497,5.8824677,4.2905335,6.280094,0.57140213,4.463214,0.68212706,3.805858,0.26287502
2005-06,21.740648,22.105736,19.050533,15.735786,21.040668,17.817965,20.14248,20.237303,20.19754,22.185051,19.399492,16.133453,18.993977,14.928293,18.755726,19.114273,22.397354,17.570017,20.349573,17.13957,21.989548,11.939045,20.417122,14.852907,20.65507,21.294918,20.18234,19.208622,19.00238,20.381754,21.464056,18.873264,20.80577,20.155533,20.339394
2005-07,19.62171,19.543776,19.59987,3.2569475,21.009716,19.56074,18.808264,19.500889,18.932125,19.098043,19.687143,17.637138,16.631973,15.073163,19.539955,14.231394,18.132584,10.526383,17.923906,15.602003,19.700762,13.356153,19.620386,18.387085,19.427427,17.056082,20.402775,18.288267,17.640633,16.959513,19.72902,19.49783,19.83057,19.922993,20.062485
2005-08,13.026054,10.308417,9.215901,7.497609,11.825485,9.236842,8.39659,7.224461,11.503497,13.544802,12.210246,11.530674,7.884062,6.6955795,8.063922,6.783616,11.981609,7.882991,7.633069,7.1363916,13.436596,9.724881,11.257693,10.876475,8.801941,11.843388,11.52751,7.059835,7.5405293,6.646614,8.396887,9.915862,8.579119,11.531273,9.967891
2005-09,-3.5404885,-0.25876576,-5.2189217,2.783711,-4.1439376,-0.2101326,-0.32036167,-0.92669433,-1.1493312,-0.7876173,-6.0240784,-6.7366505,0.30420762,2.243149,-4.6935325,2.474328,-0.33503485,1.8953298,1.3229146,-1.2258102,-2.5173247,-7.5243716,-1.8112755,-6.578889,0.66519904,-0.23897094,-4.235723,2.3631287,1.8202376,0.24142306,0.77730554,-1.8249019,0.98731136,-6.251715,-5.08506
2005-10,-14.732112,-15.504591,-17.649817,-13.98975,-15.581097,-16.859226,-16.014109,-16.849236,-10.9341135,-13.4228945,-11.920539,-15.20533,-18.460392,-18.553015,-18.849186,-19.049673,-14.447043,-16.350533,-17.477314,-12.396111,-15.745142,-20.993986,-15.456409,-9.063421,-12.976864,-11.999339,-9.0403385,-18.034513,-18.73733,-19.155375,-15.18446,-8.609644,-14.67369,-11.272618,-16.237436
2005-11,-11.853294,-8.435079,-12.10819,-22.84607,-9.999128,-7.665296,-8.845336,-10.020319,-14.015387,-10.767881,-6.0873146,-6.1481113,-12.852951,-16.070501,-12.428998,-14.349057,-8.603243,-18.52194,-10.50299,-15.8102665,-9.891482,-11.934116,-8.532637,-6.3199787,-8.05108,-12.350367,-10.064286,-9.9538,-9.770469,-12.171538,-9.27002,-13.434888,-6.7623997,-8.73784,-10.95659
2005-12,-30.223902,-28.488543,-26.333742,-35.060905,-25.539446,-31.25319,-31.004831,-25.591335,-29.576159,-28.445204,-20.96123,-24.503344,-24.026205,-29.71016,-27.570288,-26.494854,-31.007103,-28.256731,-29.881552,-30.463552,-27.867073,-31.823088,-25.909536,-21.148508,-30.483727,-28.611185,-23.552021,-31.088572,-31.28157,-28.157082,-27.885508,-26.593077,-30.712212,-21.274883,-24.632454
2006-01,-43.445362,-40.132957,-41.92448,-41.907497,-42.278065,-43.619843,-44.4195,-45.036407,-37.706837,-41.915863,-35.478283,-39.81472,-41.759575,-49.55651,-43.03268,-45.003677,-42.22582,-43.570057,-47.538498,-33.570023,-40.73881,-39.130398,-41.551334,-33.555073,-40.028477,-37.793842,-35.235695,-47.829082,-48.708633,-49.017067,-43.52462,-34.447266,-46.23251,-35.54185,-40.919888
2006-02,-21.006063,-23.001696,-28.876528,-36.439884,-23.219517,-24.327036,-24.68767,-28.744469,-20.216585,-19.81889,-23.382147,-25.69094,-33.03808,-36.61151,-30.346628,-37.586723,-20.91859,-34.560448,-30.114553,-24.008945,-20.871727,-30.717525,-23.742235,-22.342112,-24.686195,-20.214844,-21.301023,-31.144892,-30.08537,-33.23391,-26.048693,-20.17296,-23.962255,-23.334284,-27.45817
2006-03,-13.056277,-18.555147,-17.385809,-21.825703,-13.322303,-22.757868,-22.329533,-20.084196,-10.31843,-13.2632265,-9.591011,-11.641892,-18.660196,-20.862715,-19.99852,-20.657196,-17.096907,-18.917429,-22.920069,-16.451326,-15.989455,-16.86781,-15.307339,-8.043984,-21.744072,-13.980727,-8.628848,-24.613226,-24.60275,-22.343761,-19.39337,-8.888316,-24.218803,-9.128727,-15.188832
2006-04,-5.3224373,-8.317797,-8.974885,-11.243766,-6.446897,-9.224219,-8.069618,-10.428973,-2.6775784,-3.6547425,-5.265045,-7.4759436,-11.869787,-14.204617,-11.132701,-10.651127,-6.513388,-10.758188,-9.547998,-7.8502812,-7.7880898,-12.537201,-6.6348066,-3.1056306,-6.274042,-4.396769,-0.97476345,-10.81663,-11.1043825,-11.328414,-9.421821,-1.1168963,-5.915828,-2.9605634,-7.351066
2006-05,-5.3354125,-5.4858637,-2.1503298,2.0099561,-3.508317,-6.7209663,-6.7784905,-3.7950242,-4.5774016,-5.213688,-0.7948532,-3.1607208,-1.2890955,-6.5424094,-2.9755542,-2.6331928,-6.1508946,2.2297308,-4.913511,-7.8720584,-5.247943,-3.9782372,-3.3852882,-1.861934,-6.763755,-6.6735473,-0.84401506,-7.007871,-7.481769,-4.905866,-4.058747,-2.3881514,-6.357703,-0.94582015,-2.1647131
2006-06,19.574724,19.080387,15.53704,13.489017,19.137337,17.36165,18.750467,18.089664,19.485586,20.022266,16.540247,12.257119,16.284607,16.047083,15.394087,16.875368,20.090803,13.576542,20.11824,16.522562,19.45929,5.729599,18.47804,14.999493,17.375687,18.92358,18.845316,20.05964,19.46723,18.682907,19.624453,19.249615,19.044916,16.901314,16.762772
2006-07,22.152346,20.257399,20.61411,15.984644,22.06518,21.590393,20.115026,19.356512,20.866861,20.773024,21.615606,18.14014,18.58385,20.9528,19.058495,19.478144,20.004536,18.190922,19.293385,17.882074,22.128965,13.306308,21.297173,19.655907,19.962214,19.307245,22.703936,20.140862,19.990198,19.138424,20.002405,21.567495,20.428324,22.608227,21.372732
2006-08,14.659924,15.608551,13.209383,11.86683,14.198636,16.169392,16.083517,14.73233,16.074734,16.123371,15.822628,13.034454,15.33199,15.000113,13.3939905,14.175469,15.930241,13.630599,15.801889,16.266256,15.198322,11.341904,14.6358795,15.352794,19.34081,17.23593,16.521404,15.2964735,15.081158,15.116779,15.511397,16.020811,17.583382,16.161861,13.590341
2006-09,12.586372,13.473436,15.66743,9.786317,12.891643,11.388252,11.732857,12.958091,12.435401,13.871533,11.891665,13.259704,11.816767,4.946635,14.115367,8.412134,13.9111395,8.877627,11.142376,8.941999,13.259527,13.599284,13.810924,13.220201,10.625817,12.08305,11.671691,8.320168,8.363316,10.805953,12.750745,11.186907,9.9885235,11.7056265,14.527069
2006-10,-5.509008,-8.06526,-9.371201,-17.286959,-6.84625,-13.6314125,-12.061308,-12.101458,-6.283457,-4.8345375,-4.219668,-5.931641,-12.999656,-19.847834,-11.755667,-18.024149,-6.810017,-17.552109,-13.957948,-11.654407,-6.432147,-11.053754,-6.164278,-4.2006927,-10.921206,-7.1611886,-4.496971,-18.605717,-17.998695,-15.578818,-10.027888,-6.2842374,-13.851356,-4.440591,-8.328491
2006-11,-2.892027,-7.2295737,-7.1115875,-28.54723,-3.8706875,-8.963941,-8.907687,-8.157894,-7.390052,-3.76423,-2.719991,-5.0179377,-14.805266,-21.057766,-9.469247,-18.829552,-4.5914464,-24.614223,-9.105648,-9.46934,-4.1011696,-10.125018,-5.1757703,-2.6984339,-7.0723457,-4.910669,-2.0775452,-11.021541,-11.300882,-11.074508,-7.82853,-6.0285215,-9.1768265,-1.9385052,-6.2798142
2006-12,-30.902222,-32.57925,-28.123325,-41.670807,-29.828396,-35.275265,-33.241547,-31.67314,-25.412546,-28.639542,-24.345787,-27.701805,-37.358723,-42.419228,-31.79014,-41.95612,-31.4897,-42.67073,-38.524395,-20.287569,-30.760887,-31.838686,-27.651136,-20.913115,-21.503014,-23.791864,-22.318504,-40.152348,-37.93873,-38.73824,-33.065334,-23.443907,-27.531794,-22.431013,-28.154451
2007-01,-14.605222,-15.406874,-16.409262,-21.49398,-13.939168,-16.459396,-16.639303,-15.798759,-16.065691,-12.781642,-15.787198,-15.107505,-16.298937,-17.810026,-16.421078,-17.653309,-13.7596245,-18.966244,-16.012815,-18.288977,-13.737568,-18.632374,-13.53754,-18.099669,-15.88502,-13.726924,-16.757393,-15.72259,-16.278017,-15.78644,-15.860704,-16.7993,-16.87285,-17.747335,-14.75277
2007-02,-23.407286,-26.4086,-17.802649,-26.770971,-21.09639,-32.149143,-32.001373,-27.801489,-20.826183,-21.576641,-15.635446,-16.900627,-26.626574,-34.201656,-24.38994,-30.419847,-24.411402,-26.067522,-32.962955,-28.359417,-23.843285,-20.038015,-22.13234,-13.941102,-32.101875,-22.967228,-17.128946,-34.99429,-35.43685,-32.31892,-27.923159,-20.21584,-33.64839,-16.029097,-18.1451
2007-03,-10.433911,-12.612493,-13.922234,-18.15835,-11.111382,-11.770618,-13.608694,-15.403788,-11.67819,-9.835982,-10.140674,-11.1641865,-15.37714,-18.563032,-16.629982,-15.238326,-10.968244,-16.793785,-15.365984,-16.565311,-12.5384445,-15.515938,-12.070442,-11.121377,-14.844116,-11.99993,-10.661879,-14.816554,-14.511211,-15.925324,-14.316776,-12.227167,-15.144169,-11.009009,-11.986228
2007-04,-1.1828905,0.045347266,0.22299139,1.0240152,0.16602993,1.6653773,1.7439762,0.04077262,-0.14696056,0.577411,1.3739992,-0.18680859,-1.9470041,-1.0009022,-2.5468204,-0.33358714,0.2585364,-0.36311105,1.331417,0.87401956,-0.64190894,-1.596885,1.3376322,0.056223776,3.3869593,1.355653,1.453406,-0.9519081,0.6578048,-0.30551547,1.0391712,0.24317926,3.3818738,1.310755,1.5378686
2007-05,6.6265283,6.1488094,9.701439,2.6409066,8.358865,6.40299,6.685882,7.5241475,5.9265995,6.5449276,7.6656227,5.953129,6.864029,0.32125205,7.3253164,5.304687,6.189779,3.9854164,6.7137012,3.4990218,7.4245095,3.8875418,7.618055,5.5368166,6.3887877,5.925535,7.7650857,7.2299743,6.4677167,6.398876,6.905091,6.761524,7.5136476,7.4343233,9.085078
2007-06,13.070133,13.730729,16.876026,14.507689,15.203395,11.723972,11.221784,16.914658,10.718778,11.463813,14.761327,12.824699,16.42674,16.12774,16.552334,16.51134,11.531464,15.422412,13.39625,8.28064,14.411988,10.546098,16.234425,12.7746315,14.546161,9.308355,13.736698,16.621828,15.970944,15.990681,15.351976,12.254021,14.91474,14.042712,16.080858
2007-07,15.685599,17.394053,16.798723,17.029896,16.858826,20.270529,19.543211,16.893066,13.67445,15.954214,16.717148,16.495562,17.851917,9.952425,15.517341,17.773829,18.028282,17.826149,19.578455,16.722744,15.315734,15.10374,15.761,14.2401495,19.960981,17.503607,15.037492,16.378277,16.493774,18.90436,17.775766,13.198197,19.195654,15.867403,16.768644
2007-08,17.306969,19.09058,16.675814,16.123177,16.768091,15.859693,16.492243,17.94681,17.61376,18.714523,17.135668,16.124495,18.2768,14.717594,17.098738,18.863073,18.80517,17.726368,17.610584,14.362243,18.199762,16.815044,17.591757,16.730164,16.55341,16.84383,17.115812,17.013166,16.130903,18.79983,18.960371,17.172836,16.015635,16.882061,16.325724
2007-09,4.576928,6.290124,10.097856,9.940246,6.39817,6.0969787,6.3396635,8.59546,4.266627,4.707124,5.0289598,6.888391,8.150602,8.049153,8.59623,9.571812,5.2280555,10.477769,10.017985,3.1336243,5.663577,10.158903,7.5123577,5.769182,5.5344286,4.3991966,4.8465853,8.957881,7.9896493,10.322193,8.461917,4.5759745,6.7308593,4.336936,8.223256
2007-10,-0.81756526,-0.3376268,-0.43052036,-5.5294285,-0.28243715,-4.643274,-3.6033967,-0.4361191,-0.64074093,-0.035442274,0.7294362,2.7341323,-3.4755883,-9.146316,-0.71181506,-5.6281943,0.0052131563,-4.161067,-4.9771986,-4.393494,0.17017524,0.793839,0.71805936,2.2677584,-6.5105495,-0.5543758,0.39840218,-8.22391,-8.507269,-4.5697927,-0.9547935,-0.86692667,-7.1069126,-0.39343083,0.30330667
2007-11,-16.667225,-18.644615,-17.231495,-25.472555,-15.569598,-22.392517,-21.106108,-19.753849,-16.782152,-16.135883,-10.900531,-10.75425,-22.470781,-32.752228,-20.135078,-26.855488,-18.32847,-24.6639,-24.583282,-18.49409,-16.19749,-17.951422,-15.143755,-11.166868,-18.3436,-15.896134,-14.244278,-26.472107,-26.863909,-25.0821,-19.534569,-15.724365,-20.940771,-13.970224,-14.400459
2007-12,-25.757341,-30.657515,-28.901041,-25.524897,-26.021982,-32.804012,-32.66559,-30.058592,-24.735958,-26.983995,-21.0608,-25.015947,-27.139486,-34.085373,-30.183762,-29.24602,-30.085669,-24.8641,-32.919945,-28.784714,-28.693005,-31.518333,-27.585651,-19.102182,-30.62065,-26.887608,-20.052269,-34.59976,-35.087906,-32.07674,-30.340319,-22.283392,-32.955208,-20.067827,-27.479696
2008-01,-34.369526,-33.339756,-32.437504,-37.665016,-32.74803,-39.792927,-35.822083,-34.31993,-32.82458,-33.27732,-31.082216,-33.780148,-36.07705,-41.633022,-32.115036,-38.504868,-34.90741,-38.653812,-37.402256,-32.30893,-34.619175,-30.822105,-32.70343,-27.111868,-33.842083,-33.091022,-29.092999,-37.399303,-38.399887,-37.59336,-34.978836,-30.303686,-35.325607,-29.041357,-32.04437
2008-02,-21.667755,-20.58589,-18.256357,-23.421024,-20.275682,-19.760073,-20.315804,-19.0414,-21.446075,-20.447714,-18.360073,-18.050945,-21.17535,-24.366465,-19.955503,-23.839437,-20.966,-22.061665,-22.073847,-21.866848,-23.21594,-20.858086,-19.32988,-18.429068,-19.920773,-20.732527,-18.73193,-23.199585,-23.319763,-22.419235,-20.254622,-20.380066,-20.436506,-19.469202,-17.949709
2008-03,-8.187015,-7.3412213,-8.34778,-15.546469,-7.8100986,-8.333926,-8.479864,-8.425063,-8.116656,-5.7030287,-6.5610366,-7.7041645,-13.027852,-16.84225,-10.587787,-14.404384,-5.445036,-14.901703,-11.660133,-9.895873,-8.788354,-9.184796,-7.5822864,-6.7723813,-8.781841,-6.2694798,-6.219886,-14.067562,-14.245136,-12.240797,-8.58678,-7.835078,-10.615809,-7.207391,-7.6286283
2008-04,0.6154668,-1.411071,0.6104371,-7.2450767,0.44796467,-8.207658,-6.335644,1.2553566,2.842051,1.343626,0.6299782,-1.1456238,-2.0519297,-17.227304,0.49823937,-6.5125556,-0.7821055,-6.45699,-6.103886,-3.7706828,0.04795122,-3.2574735,1.7409295,3.1976657,-8.246553,0.94881964,3.954695,-11.6197,-11.857027,-5.141201,-0.46095538,3.518452,-9.604522,2.309102,1.5993366
2008-05,3.2535279,2.0647829,-1.1545972,-2.1931434,1.8460901,4.09111,3.4456692,-1.720045,4.8103337,4.1579947,4.0526276,1.0507065,-2.7222548,-1.6384916,-4.2208643,-3.4645598,3.2544153,-4.490807,0.18825269,6.5184655,2.0054092,-3.5533168,1.6618904,4.40528,6.9587507,5.9752164,5.217882,2.2860477,2.1930156,-2.2248116,1.1255934,5.376967,6.3175077,4.6474915,1.368965
2008-06,4.8773065,7.8843584,12.050253,13.258124,9.115126,8.046871,7.9795165,13.892723,4.0939236,4.89427,7.800035,8.195505,17.052206,14.33335,13.580048,19.5306,4.906441,17.587034,11.961156,8.126911,6.681757,8.916584,11.515598,8.135757,14.50051,7.1098943,6.848961,10.648063,10.946551,16.833132,12.360753,5.5108094,13.228649,7.1206846,11.05225
2008-07,21.038939,20.631754,20.62919,18.89932,21.965765,18.58967,18.873466,20.050343,18.275858,19.799007,21.10723,18.975769,18.671759,17.194822,19.62247,18.277956,19.781544,19.30195,19.330742,15.789231,21.713974,14.871873,21.893354,18.860867,18.579636,18.51332,21.198,18.34854,18.23098,18.978424,20.604445,18.703814,18.366234,21.459042,21.234627
2008-08,18.397554,18.343678,17.139269,12.127028,18.706757,16.84241,16.521347,16.525084,16.439646,17.747602,17.024656,16.064247,14.921355,13.2261715,15.975879,14.601753,17.684149,13.195263,15.632282,15.005443,19.57368,15.478532,19.218134,15.983915,16.54362,16.60083,16.17203,16.789019,16.380482,15.287245,17.58246,16.311396,16.840097,16.271156,17.325857
2008-09,5.876856,6.0197697,6.7079835,3.2362413,6.424475,4.973532,5.4322495,4.62314,6.4360437,6.3146477,8.698632,8.014433,4.5544977,2.8842514,4.1636496,6.0592833,5.565992,6.069347,5.456316,6.0129623,6.3388796,7.2075443,6.657293,7.923322,7.4674563,6.5981927,7.8668127,5.1143584,4.835911,5.1121726,5.4427066,6.6111856,5.572776,8.293165,7.202604
2008-10,-0.04287486,0.74549305,-3.089325,-3.694933,-1.2605867,0.75845593,-0.04902841,-1.436427,-1.5138847,-0.31118813,2.1504161,-0.5646177,-2.349598,-3.0533092,-2.9575171,-1.3034546,-0.23949063,-1.1069973,-0.1999345,-3.2143939,1.0718021,0.01692582,-0.35437194,1.3638561,-0.20252778,-1.1575803,0.5633285,-0.3261172,-0.4424017,-0.18042415,0.10599611,-1.621286,-0.25397986,1.4109895,-2.8419855
2008-11,-25.599966,-24.556385,-28.084673,-28.83694,-21.660616,-27.779297,-25.694523,-26.210564,-24.208452,-25.06951,-20.448765,-23.514677,-29.34646,-33.4807,-26.876255,-25.583412,-26.598764,-28.625368,-27.520256,-20.213655,-24.277985,-30.25916,-25.423548,-18.424063,-24.024984,-24.020475,-17.951166,-30.219309,-29.669592,-26.005241,-27.47431,-21.397633,-28.4611,-18.353052,-22.637756
2008-12,-32.896946,-32.357914,-28.503063,-29.296515,-31.336714,-36.960033,-36.45497,-30.596148,-28.057957,-30.524773,-26.93825,-28.220692,-29.561552,-42.389843,-29.30363,-33.355614,-32.223522,-29.969868,-35.59323,-31.937716,-33.435883,-29.26129,-30.36163,-24.49393,-38.391426,-29.92394,-24.93097,-38.88889,-39.049046,-34.32464,-32.02437,-25.167725,-38.84682,-26.46667,-29.128082
2009-01,-23.844772,-21.329576,-22.24811,-27.012302,-22.87952,-21.954475,-22.809973,-21.748817,-21.962406,-22.106749,-21.365805,-23.650223,-26.009157,-24.209667,-23.285109,-23.908,-22.71216,-24.110886,-21.96866,-24.721436,-22.72231,-23.93692,-19.671194,-18.9138,-25.146893,-22.142138,-19.861126,-25.170387,-24.945093,-23.40469,-20.930851,-20.259615,-25.216177,-20.855719,-22.3444
2009-02,-33.669575,-33.035652,-35.77152,-33.015877,-33.939358,-38.12151,-37.443962,-32.86951,-33.283073,-33.76527,-30.026337,-30.7997,-34.84663,-37.132206,-33.41861,-34.385693,-35.290493,-33.27179,-38.58211,-33.9389,-31.528164,-32.84309,-32.109413,-27.72812,-36.082077,-34.586807,-30.653261,-38.238636,-37.959183,-37.067413,-34.802517,-31.547112,-36.79011,-30.189493,-33.431355
2009-03,-11.044124,-17.142378,-14.941483,-27.00881,-9.340477,-26.895538,-24.844786,-19.623854,-8.900954,-12.108051,-4.1906323,-7.6548133,-25.952429,-31.847225,-19.719028,-28.949205,-16.566317,-27.385113,-27.181013,-13.9775715,-12.760088,-16.052492,-12.083073,-5.3306026,-24.511719,-13.795866,-5.3003016,-27.550133,-27.834446,-26.890234,-19.765944,-8.480137,-27.341156,-4.6369925,-10.807807
2009-04,1.6768216,1.6123282,1.2495453,-10.0484495,1.952063,-0.43233618,0.60369706,1.3117741,2.9141946,2.1750345,1.3302981,0.40104753,-3.106656,-4.4403186,0.09524481,-6.6461873,1.3078371,-8.088894,0.08744305,2.2776897,2.1365852,-1.139504,3.1369865,1.7522343,3.4669557,2.4683914,3.2268026,0.3478826,0.16503967,-2.5875535,1.2371665,2.4720042,2.846932,1.8266737,2.0825298
2009-05,-1.6653272,-1.3998979,-6.0937877,2.731086,-3.057318,0.82259876,-0.3595809,-2.9813526,-0.11034454,0.41654825,-3.0349796,-5.5678415,-1.9807321,3.333816,-5.4451594,2.813632,0.18701823,2.9829848,0.18746889,-1.9246771,-1.9539902,-8.0034895,-2.5959961,-3.0777113,0.46093407,1.1631186,-1.620936,1.768823,1.3918103,-0.25366774,-1.6109455,-0.6536194,-0.22556394,-3.1021733,-5.260077
2009-06,4.6607637,3.783403,6.143662,20.461157,2.6084,6.264116,6.6682677,7.5876336,7.2214,6.969827,4.0692124,1.553905,15.649666,18.924973,9.210876,19.643196,6.4161224,21.316715,6.1736937,9.201065,3.5477018,5.0732045,3.2057672,5.164382,12.64143,9.73015,5.7591114,5.434851,6.6317806,11.152112,5.251038,6.7825284,11.333938,4.564699,2.8711176
2009-07,18.39428,18.23882,17.417677,18.943947,18.024538,21.442495,19.779108,17.679073,17.520582,19.013489,18.270365,17.118492,17.81699,21.1614,17.071924,21.42074,18.806816,19.491478,20.827198,18.07494,18.585815,15.68298,18.157059,16.696987,22.428997,19.273373,18.189472,23.32067,22.600433,20.373695,18.139746,17.047365,22.006836,18.297686,17.58477
2009-08,13.663288,12.264975,9.382398,8.068707,13.737781,12.433906,12.634306,8.316656,12.051145,13.6148815,13.175354,12.964758,4.5853767,12.693367,7.0577583,7.8382354,13.242358,6.5238857,11.428807,8.723784,13.259177,8.133966,12.750142,11.095647,13.88877,12.675902,12.013491,13.168167,13.161824,8.607874,11.166149,11.183154,14.0905485,12.113325,12.280617
2009-09,4.407137,4.479713,4.2563796,-2.1645536,6.21722,1.8390808,2.1105514,4.3423533,4.666804,3.9770482,8.672185,5.120873,2.0038078,1.1391567,3.9348392,1.3394669,3.9539137,0.12717396,2.7722976,3.9088523,5.059776,2.1319737,5.4855723,7.3676596,2.3989687,4.2681756,6.742651,4.2117057,3.3664138,3.1225863,3.9782276,5.842165,0.76988935,7.788511,4.8359933
2009-10,-6.43432,-6.628212,-4.422311,-10.062436,-3.501542,-9.255192,-8.790396,-4.82509,-7.117209,-7.1855283,-2.1573932,-2.2253118,-6.172751,-9.051799,-6.033865,-7.4579725,-8.314641,-8.616512,-8.435883,-10.729446,-5.3817596,-3.6978178,-3.7257566,-1.9599216,-6.8120475,-7.499893,-3.8422453,-9.848851,-9.962186,-7.2613955,-6.2176323,-6.022907,-8.631702,-2.8797667,-3.587
2009-11,-22.39734,-22.66728,-25.673223,-25.142485,-22.927021,-21.843012,-24.016956,-24.665493,-22.15037,-19.534733,-18.713911,-23.230494,-26.030643,-30.659985,-24.829123,-29.650085,-21.340899,-26.755442,-26.898335,-24.088614,-22.03805,-28.072454,-22.256956,-18.269697,-23.133139,-20.945415,-19.538841,-29.479996,-28.484531,-27.682333,-24.722733,-21.754305,-25.289433,-19.361486,-23.78353
2009-12,-31.213827,-32.138145,-35.812298,-35.829914,-30.492506,-35.90033,-34.868366,-37.01265,-31.093536,-30.719446,-24.667358,-27.279419,-39.040943,-44.669228,-36.29188,-43.079525,-32.103924,-38.421333,-40.582096,-31.730835,-30.13285,-31.850128,-31.05798,-22.150066,-32.508305,-31.488384,-24.73112,-39.9123,-40.339535,-41.557358,-36.0086,-28.82538,-33.776337,-23.051308,-31.91809
2010-01,-29.424393,-27.610931,-26.183737,-34.36564,-27.814718,-27.522406,-26.410467,-28.188831,-27.275034,-27.539701,-26.485489,-29.234095,-31.017658,-32.624233,-28.222704,-32.69973,-27.79702,-36.30849,-29.087608,-23.804167,-28.740967,-28.899853,-25.588005,-24.299763,-21.756191,-25.150799,-24.171633,-30.451338,-28.854603,-29.038685,-27.09767,-25.226612,-23.691998,-25.84433,-26.21903
2010-02,-24.696444,-22.558743,-22.316774,-26.668064,-23.177494,-27.925323,-27.772358,-22.479177,-23.904654,-21.76357,-20.396929,-23.021347,-23.91664,-31.013731,-22.693554,-28.248661,-20.998095,-25.83082,-29.43594,-29.82421,-25.18527,-24.736307,-21.840012,-19.936615,-31.081877,-22.896132,-22.225346,-32.267017,-32.249203,-28.61176,-23.738035,-24.390957,-31.219131,-20.985779,-21.462343
2010-03,-15.128936,-13.854473,-17.190218,-20.550188,-14.59156,-16.557575,-16.700354,-16.314184,-15.926206,-15.490785,-12.439237,-14.627793,-18.541697,-17.43625,-18.292957,-18.117533,-15.245411,-17.60006,-17.740479,-18.822504,-14.699328,-16.323872,-14.205649,-13.380855,-19.880817,-17.499098,-14.396348,-17.692343,-18.331388,-18.208801,-14.879634,-15.097751,-18.801573,-13.518445,-15.722608
2010-04,-6.032368,-4.541481,-5.231788,-6.6016483,-5.8261194,-1.5387764,-2.3563662,-4.2263584,-2.7518167,-3.9130354,-4.530033,-7.214579,-6.090389,-3.3149345,-6.000038,-3.809637,-3.8487902,-3.9107869,-3.0880296,-0.7137631,-5.7766113,-8.302567,-4.6742754,-4.396752,1.5249457,-0.4895463,-2.3189375,-3.6990368,-3.8092153,-4.2598333,-2.6378622,-2.2021623,-0.98520255,-3.8053164,-6.6371474
2010-05,8.641158,7.6519523,7.4582014,5.2400618,8.677679,6.82465,7.0543785,7.668768,7.399465,7.761426,8.849457,5.4684076,6.9815636,5.1408505,6.958619,7.7885485,7.8582473,6.7753844,7.9369874,5.243164,8.561586,3.8294823,8.04342,4.1676083,6.8784037,6.9269714,7.776846,7.3023567,6.628069,7.559923,7.995668,6.916283,7.2967153,8.170666,7.70083
2010-06,16.504507,14.786735,12.463438,11.05841,15.760933,11.082597,13.666004,13.376296,14.961756,15.846841,14.448914,11.393888,10.393599,12.352565,10.277726,13.038415,15.337577,10.011914,13.576005,14.292064,16.315289,7.817762,15.293645,11.109377,18.935728,16.178804,15.265982,13.562785,13.855851,14.138022,14.591903,14.650556,17.557209,14.511343,13.680915
2010-07,17.919325,18.31918,14.134225,21.606417,17.05006,19.054653,18.922071,14.836582,17.525663,18.775206,15.684151,13.859548,17.566198,22.178587,13.537266,22.291513,19.160276,23.796144,17.975456,17.387512,18.099016,10.485764,17.30703,12.967762,21.681845,19.215155,15.991053,20.151365,18.049078,14.921987,17.629156,16.379486,21.242641,15.56062,15.709831
2010-08,17.001532,17.720613,16.84773,9.780944,17.140093,17.519098,17.937561,16.46829,15.855188,17.458925,17.654846,16.224857,15.720895,10.839985,15.941755,14.832437,17.923605,12.604667,16.146585,16.08607,17.095186,15.2415,17.573233,16.653288,16.256918,18.417452,17.615013,14.561794,14.766005,15.231132,17.539524,15.50823,15.658049,17.606192,16.605219
2010-09,5.453079,4.103896,5.6111364,-3.2805507,5.5191374,3.9622536,3.4003189,4.235273,4.4415994,4.2725277,7.1483536,7.100858,2.5530455,-2.4585528,3.7800841,0.8459378,3.1556938,-0.09095441,2.999941,1.540166,5.14619,7.003406,5.3595037,5.5756836,3.9516423,3.8797336,5.3939342,1.9948095,1.8954527,1.7832645,3.9675744,5.091493,3.2497506,5.735471,5.6379685
2010-10,-6.703888,-8.303878,-10.311721,-19.336065,-7.4474173,-13.481075,-11.243034,-11.105485,-4.3822713,-6.42929,-1.7011629,-6.6248207,-16.594719,-16.716047,-12.319688,-14.836517,-7.6518216,-15.845827,-16.525633,-4.63688,-6.5636787,-11.228933,-7.4846234,-1.8051516,-4.8637567,-4.8508954,-1.661675,-19.447474,-18.424692,-16.024376,-10.862601,-2.5197778,-10.31302,-1.2085259,-8.192002
2010-11,-9.879449,-11.4739485,-7.8163605,-20.04335,-9.069906,-12.626343,-11.96263,-9.8974905,-10.141965,-9.824939,-5.3532653,-5.3813543,-13.682711,-17.228088,-10.364538,-17.107363,-11.2130165,-17.124744,-14.132585,-10.305276,-9.552601,-6.928882,-7.6460834,-5.512726,-8.160009,-9.0398245,-8.023841,-14.736851,-14.267885,-14.02651,-10.971487,-9.115959,-10.0807295,-7.621839,-7.1007876
2010-12,-21.270044,-25.664387,-26.344286,-36.48685,-20.261433,-27.613523,-27.864653,-27.207413,-21.562521,-20.128513,-16.00947,-19.980492,-29.420631,-37.228653,-27.62629,-33.241356,-22.511595,-32.46155,-28.284445,-25.892834,-22.79257,-29.022419,-22.107939,-16.176998,-25.812202,-20.31962,-16.24297,-27.770136,-28.91092,-29.244991,-26.834064,-18.885296,-27.968193,-15.978296,-22.75347
2011-01,-21.540735,-21.78588,-25.039198,-35.761124,-22.377695,-21.12526,-21.644527,-23.76205,-20.749594,-20.793062,-20.305132,-23.185658,-27.052256,-33.72709,-25.899336,-26.892544,-21.715424,-32.108727,-23.344322,-23.915854,-21.951519,-25.66804,-21.748081,-19.021461,-21.416527,-21.168482,-19.083141,-24.644646,-24.792225,-25.500832,-21.77777,-19.345602,-21.725124,-20.122494,-23.528921
2011-02,-19.180307,-22.905256,-22.654676,-26.830606,-19.413614,-23.273264,-25.075506,-24.621998,-18.693232,-19.152103,-18.8206,-19.909298,-23.27696,-29.274008,-24.808084,-27.3268,-22.332514,-25.149374,-26.494745,-20.968813,-20.599525,-25.501991,-20.37952,-17.329987,-23.307589,-20.29344,-18.48055,-28.55809,-28.803059,-27.485641,-23.791025,-18.173473,-26.127893,-18.665543,-20.561388
2011-03,-11.612063,-10.603781,-10.353339,-15.333402,-12.45001,-12.449468,-10.843125,-9.044094,-8.368876,-8.95346,-10.559956,-11.837538,-11.097945,-12.454627,-10.12693,-12.204705,-10.931374,-13.166484,-10.324969,-9.35332,-12.262878,-10.957958,-9.781169,-8.873074,-5.925433,-7.97059,-8.011637,-12.491899,-11.761579,-9.8520355,-8.921967,-7.627052,-7.916943,-9.912897,-10.517398
2011-04,3.400962,1.3087891,1.7348243,-6.535233,2.5338638,0.8103676,0.4760955,-0.6603511,4.013515,3.604629,4.466657,2.671165,-2.379097,-6.3527846,-1.5369588,-4.671955,2.4591575,-4.328639,-1.4168122,2.9791439,2.3672266,-1.3867656,1.9034743,3.4447827,3.367186,3.0639925,5.0227575,-1.0023943,-1.674045,-2.705134,0.58524096,4.4754243,1.4162825,4.515289,2.7876518
2011-05,14.921624,13.010137,12.774712,7.7889485,13.8789,10.476686,11.023749,12.987388,13.444909,14.780302,12.224473,9.317888,9.651783,5.4317827,11.683729,9.607002,14.290387,9.846675,11.276286,8.906359,14.043551,6.7101517,13.062378,10.880566,10.819323,12.702918,14.586333,9.222177,9.482069,10.492724,12.757338,13.377486,10.957718,13.809401,13.584172
2011-06,24.078638,23.67519,21.858967,15.609997,23.06983,20.700489,23.152718,21.384071,21.831213,23.996769,21.686592,19.112593,20.522747,20.603731,20.360098,20.844143,24.287415,18.800287,24.396856,20.17581,24.097916,15.838791,22.058237,17.80034,24.278568,22.469547,21.297995,24.52897,24.276169,22.886635,22.937141,20.632933,24.738884,21.476324,22.040403
2011-07,26.666101,26.890022,25.300594,22.607136,26.42741,22.431343,22.838848,25.556694,24.061127,25.236284,25.067907,22.899698,24.501825,26.327715,24.649508,25.075554,25.675184,23.2749,25.484041,17.692163,27.718094,19.240658,26.485382,22.302256,18.513557,21.948837,25.571272,22.368631,22.61273,26.366287,26.364428,24.136951,19.49096,25.301533,25.49453
2011-08,14.965092,14.503932,13.592932,14.2605295,15.212803,15.185393,14.234375,14.219109,13.556427,14.457659,15.473412,13.440072,15.674749,14.497731,13.817876,15.042657,14.22229,14.965232,15.007208,11.712163,15.267931,13.7103615,14.874237,14.28267,15.904467,13.636386,15.257715,16.838533,16.105793,14.612564,14.387047,14.155603,15.683024,15.100833,13.291539
2011-09,0.74075276,5.2933784,-0.9651075,-0.8935523,0.51735765,7.3998566,7.18389,3.623984,1.4104022,3.5059822,0.23021571,-1.1151177,3.7167094,5.754022,0.25583148,3.6328313,5.0655255,1.2008994,5.29208,0.45340395,1.7510853,-1.2596364,2.7986212,0.28414372,7.0235295,3.5576923,0.8706051,8.401595,7.990008,3.4940698,5.238714,0.6752734,8.754137,0.14180197,-1.339588
2011-10,2.454612,0.39639056,-3.6022975,-18.223675,-0.6813431,0.9354541,1.9734993,-3.4317822,3.230658,4.1915026,0.95238495,-2.1008234,-8.749352,-12.254976,-6.194274,-10.328763,3.471917,-14.510762,-3.0954864,0.8110784,0.60525733,-7.0489125,-0.75144756,1.7281806,6.5080876,4.613939,2.742939,-2.740757,-2.7924278,-6.2053075,-0.8354479,3.0646288,5.207694,1.3601335,-2.8258135
2011-11,-12.391761,-11.852827,-16.146152,-27.498251,-14.219126,-21.831465,-17.182415,-13.935111,-15.102252,-13.950833,-10.750362,-12.434836,-16.54169,-21.541407,-15.907797,-20.071787,-13.585175,-24.327978,-18.802444,-17.809824,-10.868735,-13.885912,-11.756098,-8.36223,-17.385853,-15.845542,-12.637132,-23.313614,-22.88284,-17.894827,-12.940101,-14.8052635,-19.60766,-11.352167,-14.981467
2011-12,-31.019358,-30.227161,-34.114326,-35.090088,-30.29435,-26.419724,-28.218756,-31.962818,-30.40872,-30.030285,-23.100183,-23.727152,-33.012917,-33.46562,-31.076529,-35.669197,-29.532183,-33.35474,-32.07789,-29.59665,-28.94402,-26.75771,-29.328,-19.554487,-28.797926,-29.19131,-26.661264,-27.099424,-27.82042,-33.536057,-32.918518,-28.826965,-28.438677,-23.593794,-31.222017
2012-01,-25.671122,-20.811972,-19.85336,-37.76754,-23.496887,-21.787872,-21.661514,-19.863094,-24.52068,-22.167284,-20.276041,-20.799082,-22.211008,-44.471584,-20.682173,-36.07749,-21.225567,-35.30521,-26.40673,-23.107183,-23.991446,-21.014746,-20.296062,-19.057405,-24.45532,-21.327974,-22.2389,-33.63969,-34.75564,-28.83453,-20.223873,-24.192879,-26.739017,-21.295319,-21.062105
2012-02,-24.466143,-20.175322,-25.826248,-29.524542,-23.798721,-19.578674,-20.314264,-23.028477,-21.822498,-22.608965,-24.969671,-26.034983,-24.24757,-27.94716,-26.055998,-25.780834,-21.956612,-26.057476,-21.907614,-21.760649,-21.74965,-27.867516,-22.105732,-23.490475,-19.409397,-21.463188,-23.06909,-24.115519,-23.898788,-23.27429,-20.511839,-21.01489,-20.30682,-24.820417,-26.370605
2012-03,-16.489922,-12.76652,-13.497336,-31.176775,-15.413212,-15.415095,-14.584696,-14.359539,-14.418457,-15.044459,-14.994198,-15.7080555,-22.641926,-28.083986,-14.523738,-28.745312,-13.960277,-27.443182,-22.482246,-15.553957,-15.062994,-15.121109,-13.093962,-13.131716,-13.684174,-14.96777,-14.527756,-21.933668,-23.011705,-25.367987,-14.075354,-13.190634,-13.81601,-15.460315,-14.822486
2012-04,2.8042104,-0.17262405,-3.2799537,-10.765639,1.9978553,-0.006540934,-1.3524259,-4.8400774,2.392185,2.856886,2.8433762,0.79892373,-6.552671,-10.655885,-5.765341,-8.588024,1.303919,-8.828588,-4.108263,-0.14158392,2.1526318,-4.9545875,0.48402786,1.8010731,-0.028100723,2.2859652,3.213429,-4.206009,-4.0732837,-6.4769225,-1.97179,1.7050345,-0.4719803,2.243571,-0.8114643
2012-05,15.390533,13.789693,13.379142,5.3641577,15.147549,8.444405,10.975104,13.153496,13.347395,15.362117,14.346439,10.960999,10.915274,-1.8547375,12.821824,6.598067,15.517143,6.601217,9.273356,11.4402075,15.293737,6.409093,13.954064,9.559647,11.869587,14.3185625,14.005169,6.052054,5.754997,8.865242,12.904808,12.32934,10.316185,14.066259,13.98196
2012-06,25.918737,23.769825,23.178783,19.384214,24.382202,21.272127,22.692541,22.210905,23.299236,24.92693,22.740248,19.733627,21.477106,18.713661,21.896006,21.217823,24.658953,20.089634,21.900059,20.450392,25.665606,14.602892,23.373487,19.030117,23.64708,23.278595,23.16582,22.100767,21.231901,21.612532,22.828285,22.114841,23.551897,23.247334,23.655966
2012-07,13.932612,17.930525,15.029302,16.185686,15.602255,20.519938,19.341202,19.244452,13.161352,14.679239,15.243482,13.227277,19.120058,17.363468,16.975824,17.789536,16.438272,17.020193,19.321978,14.162164,15.262114,10.338913,16.501575,14.860412,19.49092,14.529901,14.914312,18.896585,18.543812,18.742682,19.500565,13.600247,19.828194,15.016838,14.612933
2012-08,19.648779,16.902353,18.12937,10.401948,19.200855,16.89053,16.138565,15.019435,18.483294,18.212313,20.317448,19.415525,12.978644,13.591727,15.256074,14.672577,16.72374,13.020242,15.655028,12.104416,19.592285,15.839395,19.00019,18.704119,14.029303,15.908654,19.692505,16.45939,15.942235,14.650795,16.13572,18.346712,15.716591,20.06904,19.195663
2012-09,13.854065,14.246394,12.329919,7.9112353,13.641155,15.333459,14.219034,12.495275,12.801172,14.049253,14.047703,13.901999,11.91897,6.6428576,12.049756,13.200196,14.026668,11.629713,14.001934,11.154516,14.381563,13.213389,13.622087,12.902332,14.282284,13.588971,13.122166,13.381598,13.745113,13.43953,13.560422,12.277665,13.657259,13.210222,13.430901
2012-10,-11.834091,-6.8992715,-12.456389,-10.600452,-12.446483,-7.1868935,-6.784993,-8.80122,-13.120759,-10.1838,-10.351447,-12.690928,-9.611387,-9.211104,-11.649002,-8.998877,-7.8983617,-10.742377,-6.9521265,-9.073027,-10.5958605,-13.904829,-10.594693,-8.860756,-6.9636507,-8.495,-11.735399,-7.878302,-8.416509,-7.8246875,-7.267367,-12.855727,-7.4518614,-12.2973995,-13.097215
2012-11,-17.83766,-14.103302,-15.605756,-21.017008,-14.654871,-13.7950945,-15.234924,-15.182818,-21.490978,-17.191496,-12.601542,-10.165715,-16.7102,-23.82961,-16.430918,-19.706295,-16.122107,-19.65244,-17.77662,-17.669994,-14.67612,-14.563841,-14.235454,-11.893336,-13.803213,-16.36513,-17.88511,-21.946081,-20.457512,-19.090664,-15.533357,-19.860994,-15.767447,-16.73602,-14.026177
2012-12,-35.064106,-35.221123,-33.05373,-36.781296,-34.62304,-34.39002,-35.92093,-33.834393,-33.30593,-34.636467,-30.037903,-35.15905,-35.040485,-38.332695,-33.81802,-38.637733,-36.03794,-36.23631,-36.50381,-33.665226,-34.836967,-35.224613,-32.0462,-29.051231,-38.172634,-33.971085,-30.259554,-41.329556,-39.43608,-36.942696,-34.462376,-31.412569,-39.204487,-29.599335,-34.024364
2013-01,-32.0175,-30.329685,-27.10165,-31.746754,-29.953896,-31.424744,-30.077074,-28.594603,-30.976542,-30.588285,-26.719894,-27.624374,-30.705069,-29.166183,-28.452011,-30.387197,-31.592222,-30.842762,-30.03711,-28.071878,-31.256315,-26.471607,-26.95042,-25.027815,-24.025822,-29.470057,-26.46459,-32.001957,-30.285812,-29.068233,-28.543402,-28.978067,-25.951544,-26.295263,-26.727396
2013-02,-18.890127,-18.113453,-17.134867,-24.740526,-16.535528,-21.806198,-22.466137,-19.174526,-20.067045,-19.100552,-15.778964,-18.289095,-22.494518,-24.575987,-19.94827,-24.99318,-18.421465,-23.798824,-24.779392,-23.343836,-18.888454,-21.481272,-16.924156,-16.268776,-23.566452,-18.685654,-14.964727,-26.643494,-26.284166,-25.129234,-19.575056,-17.471668,-24.822468,-15.527931,-17.422731
2013-03,-4.591845,-9.124792,-5.8071404,-21.044733,-3.9020202,-19.44474,-15.609356,-10.092473,-3.9440694,-4.5631065,-2.5932267,-4.3624477,-14.950105,-25.660782,-9.257974,-18.32766,-7.716219,-17.594046,-20.243376,-11.464929,-5.9190755,-8.776723,-4.344484,-4.0762205,-17.326672,-7.3426085,-2.147889,-26.908773,-26.338236,-19.217663,-11.733627,-3.6121826,-19.862442,-2.948951,-3.858613
2013-04,-1.5551348,-3.8262353,-7.1213965,-11.243598,-1.2918943,-4.103618,-4.3658934,-6.684012,-2.2645996,-1.3967216,-3.687069,-3.030734,-9.173502,-7.877648,-8.280081,-8.721994,-2.7749393,-8.12948,-5.7464085,-3.3050425,-1.0288992,-6.1730833,-3.5583255,-2.317912,-1.3663018,-1.6741009,-3.5544474,-5.6137376,-5.3467665,-8.041353,-5.1982045,-3.520252,-3.1742265,-4.938206,-4.49794
2013-05,4.2695,3.4401667,4.6186423,-1.1095941,3.649628,2.1556385,3.1329153,3.7498412,6.1494994,6.2653604,3.1445553,2.0210598,2.1015563,-1.9104472,3.8014317,-0.104861714,5.4153724,0.24525335,1.835758,3.0024395,3.7617688,0.99469435,4.0886836,4.2396235,5.7084136,6.014824,5.6883497,0.9776268,1.0167519,1.0591339,3.166257,6.620607,3.72992,3.6451256,4.817566
2013-06,18.636385,19.328402,17.04982,18.257689,19.074038,19.699156,19.446701,18.36113,16.72024,17.980335,18.510193,14.601369,18.763323,21.266806,17.321054,19.579826,18.912447,19.165556,20.36334,15.477754,18.972748,11.8145075,18.521072,14.667128,21.20007,17.548132,17.439829,22.712759,22.089369,20.068338,19.578423,16.649452,21.717035,18.07484,17.601526
2013-07,15.394295,15.050661,14.771036,13.620088,15.842615,14.929828,14.731084,14.5882015,14.827236,15.425874,16.559664,14.208964,15.091278,15.876847,14.482,16.017925,15.713578,15.849435,14.724192,13.823472,16.158653,13.024403,15.460709,15.091534,16.750057,15.384218,15.712814,14.182054,14.299285,14.913336,14.665418,14.721629,15.153089,16.17434,15.092784
2013-08,20.241674,18.03986,18.91839,11.219888,19.925272,18.159554,17.223047,15.736328,17.930538,19.146614,19.193804,19.210659,14.029962,15.803036,16.548014,12.927556,18.711664,13.214452,16.172913,15.895279,20.433058,15.884128,18.759542,16.301128,19.54667,17.93912,17.828838,17.37771,16.98317,14.490203,16.784332,17.34981,18.595057,18.240967,19.556417
2013-09,2.9508536,0.6544999,-0.92438376,-1.0276111,2.420928,0.81789273,0.032037467,-2.4957829,3.9243023,2.551103,5.0534377,2.4050922,-2.883732,2.3035522,-4.4998536,1.0309561,1.4612919,-0.04392525,1.2282975,3.6494372,3.0436444,-1.927442,1.0800234,5.976153,0.81088185,2.3392045,5.6069345,3.1079051,2.6412692,0.16570036,-0.4537027,4.592524,-0.91514534,5.495745,1.0286008
2013-10,-4.9682045,-4.7078457,-4.2847743,-13.1838665,-5.2872825,-4.6162047,-4.5597854,-3.9343917,-5.908602,-4.1323953,-1.8517824,-2.7641733,-6.7209296,-9.905907,-4.518099,-7.1085973,-4.775518,-9.990957,-5.664886,-7.3239512,-4.8480873,-1.2334697,-3.6693447,-1.8678124,-3.747463,-4.6887693,-3.5208209,-7.5278373,-6.775272,-5.588391,-4.5104427,-5.037148,-4.3769426,-3.285397,-4.829397
2013-11,-10.287162,-12.038403,-14.172348,-17.24675,-10.126436,-13.42677,-13.072909,-13.592737,-11.0450945,-10.297432,-8.96243,-10.405525,-12.626626,-25.266575,-15.238231,-13.310679,-11.875583,-13.876376,-14.372005,-16.430311,-10.8544235,-16.256317,-11.0038805,-11.135868,-13.615314,-12.471814,-9.601159,-11.342819,-14.087953,-13.964987,-12.508212,-10.784794,-12.492435,-9.990313,-12.362525
2013-12,-26.744047,-26.063652,-23.868086,-30.205816,-24.630495,-26.046188,-27.131813,-27.137678,-25.964804,-26.663954,-18.561079,-21.902859,-29.507524,-28.68425,-25.103094,-31.736063,-27.612028,-35.24806,-26.343899,-22.299032,-25.31837,-16.647799,-23.393318,-17.496054,-20.022015,-24.197948,-22.446836,-30.39519,-28.822327,-27.905756,-26.415127,-24.27674,-25.964315,-19.761566,-23.800512
2014-01,-20.852427,-18.171875,-20.60562,-35.878006,-18.527973,-20.093199,-21.62205,-22.530315,-23.063353,-20.61987,-16.095118,-17.752657,-27.023264,-34.02803,-22.702513,-32.405815,-20.273664,-34.013123,-24.53165,-25.780077,-19.343525,-20.965242,-17.213482,-15.793697,-22.032803,-23.102612,-18.975477,-26.694006,-26.292786,-27.981304,-20.102383,-22.5436,-21.512684,-17.604221,-18.366934
2014-02,-26.650002,-30.715275,-27.189451,-34.051727,-27.51893,-29.006536,-31.18836,-32.891666,-25.200832,-25.904705,-25.794287,-25.630163,-31.769676,-41.9392,-30.697338,-34.172676,-28.837133,-33.2977,-33.68754,-31.274185,-27.599262,-26.322552,-27.959846,-24.410458,-30.62676,-25.567358,-24.870872,-35.24596,-35.30773,-34.79825,-32.038227,-25.43729,-31.293514,-25.52392,-26.767046
2014-03,-3.7203124,-4.5044208,-4.1042814,-10.7546,-2.366726,-6.845819,-6.4564505,-4.93015,-3.3925903,-2.8064213,-2.0801075,-5.4037504,-8.614905,-12.855656,-5.832516,-8.329109,-3.151765,-7.22646,-10.0411415,-5.973622,-3.3951566,-8.906764,-1.4609811,-0.59368634,-8.623122,-2.4798362,-1.0505311,-12.37543,-12.506312,-9.955705,-5.363531,-2.6596649,-8.817034,-1.1477827,-1.906658
2014-04,4.03476,1.5542262,2.6536567,-8.577702,4.1080523,2.3864315,1.0424522,0.7093313,2.9307225,3.1371465,2.6322758,2.1114657,-1.5632573,-4.6911564,0.4697672,-1.6602463,1.2898924,-4.3176847,0.4134932,-0.37083918,3.2295308,-0.33880794,2.2610345,0.8558481,1.9180318,1.6791772,2.6391566,0.2068456,0.69042385,-0.5872177,1.1268926,2.1553843,2.1574996,2.2005703,3.4410765
2014-05,8.837137,7.4437537,5.711652,7.2271876,8.2242985,6.950338,6.8488193,5.7667584,8.094995,9.144488,9.317416,6.0492177,3.9912014,6.941918,5.0432525,5.2986455,8.777577,6.2439566,5.570537,5.3361635,8.179648,4.690446,6.8803544,4.344498,9.104573,8.335299,7.8407545,7.4928184,7.6077867,4.4890842,6.3009067,7.6072807,9.473436,8.677555,7.3573785
2014-06,17.263939,15.422148,14.998785,11.256135,17.030663,15.280632,15.377493,13.797234,15.018691,16.736277,15.623184,13.565722,13.109816,13.765886,14.011279,13.9511595,16.02778,14.050654,14.985075,12.543722,16.98625,11.840453,16.40366,11.013325,16.495094,15.41933,14.692445,16.954252,16.620855,13.88556,14.651,13.613583,16.895432,15.128324,15.854516
2014-07,24.518606,24.367674,21.39717,22.271492,23.550852,26.011484,25.659405,22.790188,23.245296,24.784128,22.128485,19.605003,22.90004,25.573446,21.234917,25.676584,25.192848,23.993216,25.938372,20.857939,25.107853,16.35582,23.001474,19.84352,21.713108,24.699808,22.760866,26.860353,26.318216,25.021631,24.145206,22.417753,25.263203,22.241123,21.633987
2014-08,24.595007,23.280565,22.935019,16.15067,24.502588,20.04776,20.686663,21.742704,22.553728,24.185816,23.407034,22.89514,19.502275,11.5016775,21.85136,15.1584,23.909609,16.165956,18.641663,20.014288,25.449345,21.27235,24.018898,20.896395,19.861942,22.672626,22.720839,14.030621,14.707777,17.659847,22.450531,21.541864,18.308775,22.92413,22.988516
2014-09,9.538234,8.918574,8.222808,0.9931232,9.546594,9.455578,9.23608,7.251456,8.183606,9.698335,11.273257,11.128742,4.1054263,-1.5008202,6.0762944,3.5755715,9.419724,2.080896,7.394203,5.7826047,9.368332,9.911688,9.1018715,9.442881,7.4540334,8.581274,9.3646965,5.2238846,4.95904,5.912692,8.238966,7.515274,7.396452,9.903366,9.521158
2014-10,-3.7914097,-4.855489,-3.4904633,-15.991036,-3.436227,-5.20703,-5.1931343,-5.3624287,-3.9685206,-4.0125113,-0.58618164,-0.7599322,-9.231908,-12.450649,-4.636617,-10.997949,-5.466847,-13.245532,-5.685536,-6.6144214,-3.3782997,-2.292568,-2.8335948,-0.047745705,-4.025678,-4.100364,-1.7310525,-5.9781623,-6.7013125,-7.9267406,-5.2509108,-3.182829,-4.4769225,-1.765818,-2.8531637
2014-11,-17.949501,-16.676023,-12.40684,-19.792915,-14.618762,-14.40664,-16.223831,-16.946802,-21.131353,-18.84205,-11.814837,-9.428029,-17.779255,-19.18817,-16.27307,-15.926056,-17.720724,-16.914171,-17.909271,-17.463974,-15.631558,-10.438762,-15.967043,-12.568466,-12.581525,-16.86403,-16.024086,-15.8906145,-15.774746,-17.134998,-16.867899,-18.495642,-13.970833,-15.393736,-12.985417
2014-12,-17.815247,-20.220102,-24.18654,-31.806433,-19.213072,-19.570993,-21.818686,-23.17986,-18.87963,-17.108248,-17.172108,-22.951944,-26.165619,-33.766003,-26.009611,-29.171534,-19.33572,-29.753077,-24.000586,-23.221788,-19.244205,-28.944277,-18.926424,-19.747663,-22.900541,-19.12328,-16.849957,-24.273706,-24.920303,-26.276888,-21.131413,-18.268475,-22.95926,-17.921602,-23.347513
2015-01,-27.258759,-24.301964,-23.585987,-34.450546,-26.106527,-26.407341,-25.531746,-24.920368,-26.459026,-25.648748,-22.932287,-25.112736,-29.665752,-37.50648,-24.25336,-35.40179,-26.327078,-36.83465,-26.4125,-23.772657,-25.435883,-20.720444,-24.208845,-21.229887,-20.915678,-25.907806,-23.136875,-30.451263,-28.948254,-28.32166,-24.342789,-24.159464,-23.489748,-22.902685,-24.791037
2015-02,-15.839432,-16.434202,-13.957481,-23.981684,-15.184095,-20.581556,-19.886095,-16.62878,-14.447327,-15.140915,-13.724292,-15.963524,-20.131418,-24.555897,-16.413319,-23.635286,-16.215754,-24.394718,-22.572414,-19.974375,-16.3661,-14.954927,-14.266676,-14.313304,-22.88179,-15.692987,-15.573778,-26.607325,-26.782986,-22.438192,-16.757315,-14.6030445,-24.022554,-15.005979,-13.937364
2015-03,-8.119576,-11.1749735,-11.067557,-14.774709,-8.5287,-11.110177,-12.234611,-12.7582,-9.59649,-8.3579645,-7.102738,-8.674465,-11.820697,-13.925323,-12.681885,-12.688568,-9.778485,-12.795601,-12.491301,-13.301196,-9.288951,-11.481406,-9.720604,-8.840448,-12.311882,-9.228963,-8.596737,-14.369054,-14.032683,-12.766778,-11.448648,-10.267772,-13.530056,-7.9606223,-9.763482
2015-04,-6.2135158,-5.0295024,-8.982983,-8.876809,-6.6017995,-5.5276566,-6.0094814,-7.7754736,-5.2037287,-4.792339,-4.929676,-7.1015644,-6.887499,-2.9684577,-9.511484,-6.842799,-5.221005,-6.6175137,-6.8695154,-6.4156275,-6.422064,-11.612487,-5.4446626,-3.1020503,-3.3265166,-4.8929453,-3.9617739,-3.438282,-4.532457,-8.466072,-6.755165,-5.264885,-4.2227964,-4.5247865,-7.8245144
2015-05,10.954974,9.479608,7.890704,2.4362597,10.914275,8.237942,8.533047,7.0147223,10.294886,11.1744,11.833165,8.154845,5.6599236,4.517314,5.966457,4.3632917,10.372676,2.8056097,6.4291763,8.191359,10.655052,4.3592176,9.89911,8.371999,9.810041,10.303745,11.4470005,5.83985,6.53192,5.9096828,8.443353,10.1480875,9.271655,11.605893,9.374764
2015-06,21.49324,18.465092,18.440632,11.760447,20.56597,17.956316,17.263054,16.536716,19.724346,20.754498,20.741884,16.852472,13.677536,14.312161,16.01221,14.718894,19.590862,13.296132,17.097569,17.474783,21.02215,13.213165,19.333763,16.435774,18.975195,19.438337,19.726349,17.102007,16.80363,15.965682,17.499908,18.68935,18.316004,20.302862,19.169603
2015-07,22.854742,23.016958,22.975676,17.73356,22.978828,21.969843,21.759127,22.797613,21.15159,22.07605,21.793205,20.236027,21.488092,20.219748,22.51142,19.438578,22.184736,19.201881,21.480791,20.202765,23.059208,19.33535,23.17106,18.419392,23.191801,21.445063,21.296404,20.663876,20.611507,20.571642,23.258219,20.621132,22.202917,21.431252,22.808134
2015-08,16.714054,16.528482,15.711598,16.419025,16.45194,15.087867,14.895515,16.32646,15.07465,16.685904,15.424019,16.646904,16.217646,13.665281,15.581332,16.666004,16.563734,16.390362,15.826281,11.514519,17.874147,15.730598,17.167892,14.956547,12.54373,15.3361,14.267573,15.001625,14.717604,16.123775,16.310047,13.877363,13.689168,14.603769,16.243889
2015-09,3.853873,4.9911065,4.5306416,2.5210419,5.116081,2.1917675,2.3001728,5.5763817,4.455699,4.8670654,5.1203995,5.1729703,4.4546967,3.224113,4.210986,6.121792,4.7728696,4.021077,4.312592,-1.3544394,4.214897,6.033758,5.7250094,6.6317663,-2.02985,4.0487556,5.6601896,2.3794644,1.8325969,5.6576056,5.562039,4.84175,-1.478442,5.313139,5.167429
2015-10,-10.688419,-11.591044,-10.76033,-7.672191,-10.956556,-16.73291,-14.729164,-12.356495,-9.79997,-9.506408,-9.438184,-10.9189005,-11.888523,-16.439093,-11.803617,-14.03948,-10.851697,-10.546395,-15.472335,-15.887404,-10.913318,-11.799349,-9.407254,-7.4896884,-15.993723,-10.214278,-7.885747,-18.141993,-18.204144,-15.855555,-12.292392,-8.298908,-16.578335,-8.572621,-10.9064455
2015-11,-26.132736,-22.32079,-26.80051,-28.637465,-23.910076,-25.317999,-23.185501,-21.23863,-26.634275,-24.415098,-20.306581,-19.7759,-25.05182,-27.525259,-23.599052,-27.57703,-26.455175,-27.806591,-22.415934,-25.960077,-22.512806,-18.573427,-22.29711,-17.93822,-24.804302,-25.991499,-23.691683,-24.36366,-24.568592,-25.178642,-21.106508,-26.084942,-23.541727,-21.688509,-24.58821
2015-12,-22.182741,-21.1574,-19.381332,-27.74094,-22.132294,-18.14307,-19.422905,-20.861233,-22.642437,-19.507803,-19.457342,-16.381008,-24.862118,-28.998274,-22.233654,-26.975624,-19.760445,-24.903297,-23.327211,-20.435892,-21.807175,-20.282354,-19.89515,-18.748764,-15.631467,-18.38137,-21.787718,-22.774773,-22.498201,-24.65328,-21.554802,-22.000616,-17.495302,-22.365171,-19.29467
2016-01,-34.027283,-32.878944,-35.43118,-39.188248,-31.74844,-35.98656,-36.180035,-35.745403,-30.109741,-32.96163,-27.836363,-30.191713,-36.972797,-42.149467,-34.60484,-40.92138,-34.25961,-40.50524,-38.676033,-26.430729,-32.639263,-31.291578,-31.436455,-26.363237,-32.896954,-31.012016,-27.63331,-38.41358,-38.987396,-39.732853,-35.374805,-28.342848,-35.799164,-27.445232,-32.641598
2016-02,-20.087248,-21.184471,-21.257029,-27.650906,-21.171648,-22.853384,-23.318521,-22.528687,-18.816412,-18.739782,-17.181633,-22.728703,-21.674162,-22.966114,-23.002686,-25.37427,-20.657671,-25.936268,-24.910845,-21.166105,-20.505186,-25.864082,-19.894732,-14.7457075,-20.893732,-19.569366,-14.8952675,-25.434946,-26.11651,-26.06826,-21.512747,-17.565554,-23.54688,-15.698349,-22.77682
2016-03,-2.5439963,-6.804147,-5.6076827,-13.751434,-3.04261,-17.252096,-15.59394,-11.147723,-3.8419256,-3.2265677,1.2460804,-1.0186422,-13.491536,-21.301222,-9.598256,-16.853224,-5.6977634,-13.161819,-18.172262,-12.4010515,-2.6934896,-7.5530114,-3.2787633,-0.7806391,-16.280304,-6.288793,-1.1432449,-21.562752,-21.129585,-17.729057,-10.465439,-3.5129147,-18.487902,0.45877877,-3.073027
2016-04,-4.878225,-3.256129,-4.9629617,1.0407546,-7.132777,-1.546669,-2.8377554,-4.1624603,-2.9953547,-2.6322532,-6.7575326,-6.7043147,1.6524928,1.8356636,-3.4545019,1.9111954,-2.6664093,1.666079,-2.7929769,-4.4004965,-4.7787967,-3.4625988,-4.6697874,-6.7294536,-2.888921,-2.0663006,-5.4546633,-0.72591275,-0.93419534,-1.1852325,-4.8208504,-4.064497,-3.0688498,-6.53285,-6.0468216
2016-05,12.032758,9.526146,10.613723,0.19372115,12.688315,3.9438553,4.758765,9.332024,11.548312,12.40776,12.232108,9.716226,6.3720083,-5.30625,9.657545,-1.7806634,10.763564,0.18223614,1.0580333,7.960441,11.63823,3.8463123,10.556991,6.5847616,2.149519,10.207599,11.894752,-3.0811398,-3.0572674,1.178235,8.421389,10.895945,-0.44656873,11.7554035,11.810763
2016-06,20.516893,17.749859,17.379364,9.211469,20.937061,14.773216,15.70736,15.080609,18.571342,19.751068,21.103777,16.541529,10.80153,14.995619,14.672349,12.319172,19.68345,10.84502,14.707141,15.846913,19.991732,10.646145,18.547531,16.793653,18.918718,18.9429,19.555906,15.936661,15.164231,13.256963,16.357384,18.429567,17.136942,20.569408,18.989769
2016-07,17.572647,18.113405,16.31703,12.280377,17.469591,17.159245,17.009327,17.270056,18.076649,17.656403,17.19162,14.945428,16.675226,16.795042,15.9811735,16.957405,17.43114,15.725407,16.903429,18.365948,17.855007,10.934557,17.712008,16.488632,18.34818,18.313278,19.024933,18.537062,17.844505,16.716236,17.833805,18.789564,17.136686,17.51921,16.48977
2016-08,18.706282,18.499834,17.817719,13.269369,18.499752,21.154417,19.589115,17.666481,16.849361,18.086817,18.898977,17.212017,17.787321,18.41572,16.902058,17.97644,17.907516,17.187626,19.917974,14.982401,19.296082,17.62407,18.563057,17.03888,17.706177,17.11258,17.885332,18.326992,18.426697,18.948143,18.983149,16.805597,18.476364,18.531883,17.371635
2016-09,10.964238,12.256018,10.379425,7.5627646,11.457447,10.6740265,10.252634,10.900226,8.741751,9.861986,11.812355,11.302671,9.463867,10.139999,10.286679,8.527201,10.304347,8.740498,9.10131,7.5452847,12.206868,11.045787,12.088586,11.02452,9.543264,8.899432,10.512984,9.738635,9.274798,8.440621,11.184959,9.146644,9.894088,11.320162,10.536922
2016-10,-11.301837,-11.325085,-13.438514,-10.854471,-11.492221,-11.742115,-12.64344,-13.281916,-10.25218,-10.515419,-10.329892,-13.025103,-12.306224,-12.031075,-14.797416,-13.788643,-11.353627,-12.338411,-13.659834,-12.254824,-10.681115,-16.493744,-11.14893,-10.131698,-10.425124,-11.983299,-9.300869,-14.4818125,-14.064187,-14.696489,-11.93214,-9.510065,-12.10409,-9.678558,-13.246712
2016-11,-19.656855,-19.989573,-22.405504,-31.499773,-19.248322,-25.228271,-24.369665,-25.617165,-18.511866,-18.048702,-13.915647,-17.551928,-29.059507,-34.486877,-23.303038,-33.77856,-19.355724,-33.13779,-30.368523,-17.915226,-18.979298,-17.991718,-19.982725,-14.637089,-22.40363,-17.284742,-15.312861,-32.490376,-34.10654,-32.484818,-23.644325,-16.983112,-26.778656,-14.504904,-19.833632
2016-12,-22.024803,-21.0666,-19.514103,-29.752264,-20.845041,-19.430468,-19.278866,-19.169226,-22.680828,-21.645847,-18.992044,-19.023014,-20.593124,-22.648783,-19.494734,-22.106089,-22.491396,-25.00704,-19.493895,-21.193083,-22.028904,-17.1971,-18.592827,-17.36746,-12.874908,-20.873377,-20.620434,-16.816416,-16.12813,-18.990572,-19.254795,-20.619827,-14.203383,-21.375355,-19.263615
2017-01,-22.8116,-22.736738,-21.751469,-35.021294,-20.506044,-25.403841,-24.959465,-22.056725,-23.229902,-22.231842,-18.4475,-22.177988,-27.201889,-37.552418,-23.179964,-35.197216,-21.474081,-37.94598,-28.171877,-26.35277,-22.366762,-24.825657,-20.335882,-18.240108,-25.60974,-24.095198,-19.525286,-28.585947,-28.726135,-25.998755,-24.244473,-22.371265,-26.754276,-18.604801,-20.641926
2017-02,-22.819344,-25.982748,-26.176897,-28.185396,-24.667698,-28.24465,-28.490202,-27.1523,-22.108168,-22.940516,-21.78031,-24.941687,-27.263735,-35.988,-26.716635,-33.92286,-25.244492,-32.563393,-31.349026,-24.697935,-24.996098,-28.494928,-24.215055,-20.044147,-26.593134,-23.545864,-20.746794,-33.116093,-33.348694,-32.532547,-26.636606,-21.657892,-29.57639,-21.457172,-25.656126
2017-03,-6.678095,-5.3530035,-4.5332427,-9.353974,-6.11003,-5.2306676,-5.7671957,-3.912664,-6.2393036,-4.8748894,-5.6536694,-6.8717923,-6.325629,-12.92027,-5.3107734,-5.684728,-4.866065,-6.5896025,-5.4366794,-7.6531405,-6.35951,-6.760999,-4.0585318,-6.1459866,-10.532236,-5.058236,-5.5031843,-8.613246,-8.768814,-5.0396414,-4.163845,-6.2811465,-9.626349,-5.4596405,-5.009704
2017-04,2.8107827,-0.16580525,2.733281,-10.1529,4.1378255,-3.8516757,-3.2932994,1.4046706,2.9008226,1.4821934,4.7671127,3.0240703,0.68534046,-3.4893403,1.3009459,-1.2715794,0.21621275,-5.182907,-4.0486836,-2.9534366,2.5313983,1.3604832,2.9809203,3.8963552,-3.8492274,0.80185854,5.1615577,-5.154241,-5.182061,-1.1437597,-0.06386232,4.1105437,-3.565429,4.679675,3.833228
2017-05,17.413088,13.997683,15.328041,7.4181714,16.801445,11.167354,13.077487,12.168017,15.937618,17.045818,16.446917,12.964377,10.400615,8.585343,12.219454,11.093432,15.763888,9.319283,12.394941,13.842825,17.589499,9.493653,14.707149,12.846902,14.400513,16.00682,16.610842,11.803402,11.996935,11.591882,13.134179,15.481592,13.714925,16.388151,16.264868
2017-06,19.32815,18.26804,16.047205,6.4462276,18.76865,18.574564,18.458612,15.193502,18.168026,19.207497,18.7088,15.388353,11.212285,17.754387,12.795281,11.611843,18.887152,6.711893,18.13794,17.094381,18.934162,9.45871,17.727924,14.7648945,20.011507,18.272552,18.24739,20.267584,19.676573,15.996193,17.360195,17.834538,20.549202,18.57219,17.445951
2017-07,21.270456,19.538116,21.83078,16.450027,21.811363,18.531595,17.69442,20.491955,19.290308,19.835247,20.985828,19.38036,21.276297,14.940663,21.11887,20.731724,18.744274,18.375055,19.488903,14.873505,21.579659,16.633339,21.506737,19.48058,18.172112,17.840084,20.657146,19.580992,19.123337,20.19648,19.66393,19.462288,18.41462,20.929108,21.596777
2017-08,15.397389,15.533107,14.537445,14.384027,15.324235,16.700907,15.532982,13.86451,13.987696,15.4552355,14.34848,14.728729,13.440653,13.305348,13.401098,15.704723,15.605201,14.580819,15.071783,11.917918,15.949606,16.582617,15.673961,14.339611,14.97897,14.107116,13.791647,14.749084,14.615761,14.470091,15.139966,13.499125,15.964738,14.113573,15.473346
2017-09,9.951571,6.079966,6.9300256,2.3702443,9.525197,-2.2794151,-0.3612606,4.89457,8.003096,8.871744,9.4559355,8.855206,3.9346988,-2.3972242,6.3723907,-1.1607913,7.168644,2.0646172,-2.980292,-1.045827,9.896693,6.7111797,8.624425,7.8224463,-0.73561805,6.730839,8.241592,-3.7972984,-3.6855273,-1.6886058,3.7437253,7.355684,-1.5637906,8.343287,8.090323
2017-10,-6.60647,-5.633046,-6.791229,-16.19952,-5.281578,-7.821768,-7.950094,-8.226887,-9.002592,-7.712807,-2.6865833,-3.3009028,-12.302111,-14.54314,-9.766987,-15.679241,-7.6163144,-17.321413,-9.592215,-11.555232,-5.143799,-7.5916734,-4.301348,-3.3876114,-9.453956,-8.9122095,-4.9487286,-10.460298,-10.352905,-12.348075,-6.699735,-7.425358,-9.9909,-3.5648644,-5.2632165
2017-11,-22.495432,-21.935783,-20.487783,-27.82719,-21.774832,-26.629679,-24.467127,-21.63248,-21.031664,-21.592499,-20.500277,-20.713945,-24.554302,-33.93775,-20.786547,-28.103891,-22.758448,-26.39194,-25.535631,-22.91958,-22.487434,-21.047562,-21.917583,-17.465515,-25.009777,-21.658625,-19.257063,-29.611563,-29.40061,-25.897482,-22.054682,-19.468332,-26.280378,-20.334312,-21.19746
2017-12,-21.46552,-25.251455,-26.486492,-36.119774,-21.299974,-29.297903,-29.522387,-26.669083,-22.780943,-21.743189,-19.66105,-24.084023,-32.25014,-33.91245,-28.017126,-36.001717,-24.995317,-34.835117,-30.275404,-26.507757,-22.044146,-30.159882,-21.60682,-20.589275,-28.573483,-23.300747,-19.933367,-31.56897,-32.44859,-31.667526,-26.013548,-22.087034,-30.312328,-20.39609,-25.071037
2018-01,-29.422152,-28.462267,-26.667545,-30.101526,-28.862791,-34.46646,-33.108288,-28.521233,-29.797611,-28.25095,-26.400015,-24.087902,-29.90817,-33.553265,-28.692982,-32.275764,-27.094336,-28.653852,-34.490086,-31.160093,-29.484518,-27.63069,-27.624262,-25.720196,-33.91576,-26.277008,-26.629904,-36.41166,-36.6314,-33.00014,-29.600039,-27.702522,-35.62386,-26.85011,-25.493765
2018-02,-23.909586,-23.921669,-23.724371,-29.783554,-22.631231,-25.501978,-25.248493,-23.86839,-22.633688,-23.51799,-18.54715,-22.302893,-25.369467,-30.642406,-23.796535,-28.520123,-25.155394,-27.682255,-25.961445,-22.404352,-25.118893,-24.945713,-22.885569,-18.347092,-22.85378,-23.234573,-19.175016,-25.64937,-25.872957,-27.013906,-24.000227,-20.648863,-24.829725,-18.075216,-23.195879
2018-03,-14.048199,-14.2963295,-13.720067,-21.02686,-13.507943,-14.459358,-13.72326,-13.642642,-12.542781,-11.505113,-12.638867,-14.420661,-18.01962,-18.85023,-14.908262,-20.02524,-12.472369,-19.18265,-16.923775,-12.73719,-15.447,-14.922844,-12.311922,-11.980586,-11.30144,-11.129793,-9.155489,-17.304731,-17.073763,-17.363537,-14.563925,-11.368293,-12.871702,-11.5034075,-12.359871
2018-04,-3.5531971,-4.0511656,-0.47962117,0.5562357,-2.3045304,-3.4978154,-4.8272657,-2.8635366,-1.8828466,-3.1723444,-0.42554474,-0.74434155,-2.066597,-7.7670035,-1.824963,-4.4205456,-3.650857,-0.74930805,-5.3503885,-4.665484,-4.491622,-1.1883487,-1.2326148,2.9769118,-5.197417,-2.480392,0.79605645,-4.7505126,-5.061318,-6.013892,-4.2241583,-0.49969018,-5.2665777,0.061600495,-0.15705988
2018-05,10.667656,9.608526,7.264956,2.8594763,9.471319,5.8624153,6.495195,8.348496,8.425802,9.895172,8.253673,6.2892404,7.534594,3.077169,6.441765,5.5469165,10.228562,4.098854,5.5670867,3.3389843,10.703115,4.7616105,9.058643,4.8683457,5.46692,7.601061,7.9571733,4.7174554,4.7791376,6.0792847,8.236901,7.3564544,5.119847,7.7009153,7.8252277
2018-06,14.095777,16.208557,18.368025,10.120229,16.720245,15.342624,14.709532,17.992504,14.1948,14.408314,16.503244,14.269045,15.785451,15.27418,18.055433,12.9917,14.30926,11.954174,16.881035,9.384675,15.557436,12.900543,17.918484,16.40929,12.16125,12.890814,16.518585,16.775587,16.268425,14.956829,17.536465,15.133966,15.4119215,16.540262,17.286224
2018-07,23.473516,21.489475,21.907764,18.258791,24.073055,16.783998,17.72977,21.558699,21.14863,21.824213,21.51528,19.31744,20.672157,15.470774,21.25408,20.406479,20.409834,20.088705,17.408474,16.208193,23.92484,14.344509,23.783443,18.67595,16.696936,19.620903,21.616617,14.670709,14.451041,19.152882,21.074024,20.884012,16.477226,21.33548,22.135187
2018-08,12.891425,5.526798,11.7532425,21.023329,13.384048,0.57430774,1.3503262,6.3082542,12.051937,9.863724,15.612271,14.703426,10.957012,11.759161,10.290665,14.20183,6.1675525,20.102108,2.2950196,5.9922647,10.44746,11.503981,10.570233,14.87264,7.6546216,6.847296,14.454522,8.094215,6.360386,5.7248073,4.0386705,13.418192,2.4978263,15.312541,13.06918
2018-09,7.025507,3.2452612,3.7425663,-2.918303,8.553665,0.83892316,1.2253441,-0.37682492,3.932019,5.6780176,10.5909605,10.530616,-2.9645839,-0.29449156,0.29122177,-1.0785102,4.668022,3.0948722,-0.06551935,-1.0258955,6.444667,4.3021526,6.273508,8.975034,1.8187184,3.4619858,8.339766,1.0902914,0.59618706,-2.0630994,1.0895029,4.8130817,1.8326857,9.456304,6.931116
2018-10,2.7426894,2.9890866,1.8313426,-4.386638,3.6205525,0.43959808,0.69747716,1.6591692,2.2237406,1.7402178,4.86706,3.653325,-0.72644746,-3.7317584,0.80711627,-2.4587317,1.5715312,-3.3548992,0.7668636,-2.181521,3.7340188,3.219365,3.089115,5.539821,-2.4869914,0.28763556,3.9430456,-0.7365036,-1.150292,-0.08992126,2.4357352,2.4305148,-1.0210605,4.4148483,2.8404815
2018-11,-14.184491,-17.314257,-17.840588,-27.190258,-14.423119,-25.00752,-22.899202,-20.479662,-16.966526,-12.892592,-12.258876,-12.727941,-23.089964,-24.606943,-20.490625,-25.519917,-14.711472,-24.233847,-24.98826,-23.172028,-13.482513,-19.289503,-14.730061,-14.523856,-24.78256,-15.792865,-15.732052,-26.616386,-26.97158,-24.753536,-20.411213,-16.502516,-25.298265,-15.169012,-15.102353
2018-12,-18.300545,-20.079105,-21.251451,-27.931503,-18.307304,-26.176062,-25.079014,-23.372864,-20.567024,-17.099623,-20.971601,-17.519554,-24.502258,-29.14714,-23.401464,-29.985575,-18.152588,-27.284788,-27.55624,-24.146994,-17.59032,-22.131464,-18.414886,-22.285614,-25.019485,-18.72715,-21.519356,-30.51188,-30.84425,-27.993103,-22.702303,-20.4941,-26.707603,-22.913197,-19.249249
2019-01,-23.850174,-23.218943,-22.00026,-35.51699,-22.376274,-24.266718,-23.675325,-22.17591,-24.96249,-23.311058,-20.932602,-21.73801,-24.147747,-30.98292,-22.903233,-25.245361,-23.747599,-26.150038,-24.11077,-26.79814,-24.452667,-26.113457,-21.058964,-23.727629,-23.499256,-24.400688,-21.674347,-23.863207,-23.378588,-22.95161,-23.372322,-22.591734,-23.01702,-22.273823,-20.533342
2019-02,-22.776802,-22.692366,-20.293547,-30.14767,-21.814884,-22.511278,-21.557993,-21.234465,-22.11253,-20.752,-19.920736,-19.912214,-24.797415,-30.588251,-22.366514,-30.104284,-21.75192,-27.973137,-24.532598,-22.138813,-25.57373,-22.024574,-21.36776,-20.543314,-17.906301,-20.860052,-20.825377,-25.538269,-24.946495,-25.358051,-22.01328,-21.372978,-19.2386,-20.927412,-19.315453
2019-03,-2.5864089,-7.0583963,-9.177811,-11.146132,-6.245575,-5.3511086,-6.7038503,-8.688809,-2.2541606,-2.1767166,-3.144479,-6.8115263,-8.186339,-9.312216,-10.003895,-11.201736,-3.7676804,-11.026687,-8.085747,-4.069322,-4.559997,-9.500164,-6.8777347,-1.8199537,-2.3781588,-2.6963484,-1.2930738,-8.309737,-8.57817,-9.64905,-7.7234154,-2.5799377,-5.742324,-2.985595,-8.793782
2019-04,-4.9165173,-6.194857,-6.3463426,-9.030703,-4.563281,-6.1938157,-7.5254445,-9.350114,-5.0172787,-4.550394,-0.70285034,-2.127034,-8.514784,-10.284447,-9.584845,-10.199846,-5.0019584,-9.282345,-9.475989,-6.0193205,-5.236034,-6.9900336,-5.203328,-1.424169,-7.425879,-4.6464834,-2.6116495,-11.139077,-11.920786,-11.6047945,-9.128449,-4.79651,-9.117364,-1.9178956,-4.093
2019-05,4.5283747,4.36858,1.8981894,3.701301,4.0550513,5.2616363,4.989158,2.4946404,2.091532,3.4262366,3.8763478,1.0950059,1.1936024,1.1669387,-0.42070776,-0.867698,4.827692,-0.37316927,4.6319375,-0.13361314,5.498814,-1.0272356,4.10981,2.0883431,4.9130254,1.9378498,4.47712,6.433767,6.226911,4.0108323,3.8765078,3.0116415,5.872348,4.2919793,3.4209173
2019-06,17.27291,16.79086,21.019497,19.696445,20.105305,18.203157,17.998978,20.504362,15.142522,16.118513,18.548422,17.330494,19.500252,21.030132,19.878485,19.765873,16.195745,19.546656,18.27068,14.277779,18.462563,9.951289,19.629028,14.7365465,20.409136,15.006661,16.131157,18.490952,18.6007,18.776436,18.09222,15.036206,19.529274,17.528894,21.489891
2019-07,14.697244,17.397738,22.426498,19.126097,17.017893,18.435728,17.886587,19.292788,13.329117,14.74065,15.545364,16.3252,22.690376,20.361572,20.50824,20.628544,16.514849,19.845001,19.94969,13.872492,16.54706,14.080811,17.853838,15.274155,17.785698,15.079464,14.30015,20.404444,19.74786,21.23084,18.474535,13.370583,17.34862,14.64476,19.270388
2019-08,15.85399,16.99046,14.055266,11.805829,15.998359,19.50846,17.317083,15.151969,13.388107,14.492405,14.550842,14.002203,14.754574,15.303906,12.903286,16.214441,15.252252,14.263284,18.024933,12.137088,18.20261,13.201431,15.92415,14.163298,14.483229,13.1216345,14.438485,18.232046,17.84891,16.764965,16.773916,13.355998,16.770761,14.343442,13.81927
2019-09,6.4276137,0.15519604,2.1943316,-8.331937,6.3560495,-3.6490924,-2.4505394,-1.9709401,5.2353673,4.2672954,9.3899145,8.505409,-4.221988,-5.5634384,-1.2078848,-6.946382,1.6022147,-8.108817,-3.8920941,0.23189525,4.5428596,1.4056739,3.8463373,7.7862597,-0.111117624,3.5824718,7.324399,-3.9218712,-3.7652438,-4.32773,-1.6414658,5.5401454,-1.8247912,8.633814,4.957341
2019-10,-1.0061381,-1.2154415,0.71404594,-4.304765,-1.1682557,-1.1669794,-1.7874906,-0.4297273,-2.362729,-0.7105868,1.4315122,0.94818586,-3.8703535,-6.1801243,-0.521945,-6.104283,-1.3691888,-4.9539046,-4.3730206,-3.3843262,-1.9375032,3.910392,0.46758637,1.6441879,0.59071714,-1.3973238,-0.013692902,-3.6135037,-2.901167,-4.842897,-1.6501856,-1.626559,-0.075119585,-0.037565112,-0.46398076
2019-11,-22.247854,-23.452627,-25.411165,-32.821644,-22.00462,-25.887236,-26.099268,-23.035305,-21.714537,-21.128819,-23.524124,-22.486832,-27.783865,-37.012234,-24.948208,-35.158085,-23.249426,-37.133244,-23.556465,-25.977875,-21.575756,-24.72102,-21.939663,-22.227842,-26.342672,-23.184057,-21.248234,-25.76673,-27.818398,-26.168385,-23.915405,-22.140398,-26.190723,-22.41769,-22.899117
2019-12,-24.43022,-26.158543,-24.770819,-28.042942,-25.661543,-30.133362,-30.11755,-25.989895,-22.08598,-23.528784,-20.92302,-23.889978,-26.549377,-33.15284,-26.001009,-31.175882,-25.557806,-28.32602,-30.161247,-27.208982,-25.841265,-25.860243,-24.819508,-18.046469,-30.333517,-24.349445,-19.92341,-33.275787,-33.929806,-30.859095,-26.25618,-20.160982,-31.481886,-20.543482,-24.708504
2020-01,-27.30208,-25.250233,-21.77594,-30.096247,-25.668877,-23.879995,-24.111095,-22.837881,-25.965235,-24.747269,-21.765566,-23.724113,-25.224377,-27.966877,-23.510002,-28.13757,-25.920166,-29.01533,-25.03005,-25.55872,-27.4016,-22.758501,-22.680195,-21.44148,-21.143885,-25.39722,-22.130505,-25.089128,-24.465696,-24.597204,-23.276606,-23.372644,-22.107235,-22.621069,-22.85689
2020-02,-17.776915,-15.451213,-13.00859,-16.832518,-16.89642,-18.080267,-17.038914,-14.704377,-15.003226,-15.804354,-14.481694,-16.901669,-17.737179,-20.260687,-14.523958,-18.570538,-17.091507,-15.619756,-18.22578,-15.444267,-16.141838,-15.801998,-13.4562645,-13.419977,-14.131608,-15.726688,-13.046726,-17.886042,-17.075777,-17.327324,-15.673937,-13.884431,-15.274468,-14.18851,-15.005116
2020-03,-1.3199157,-4.375691,-4.513599,-10.522799,-2.4522312,-8.237163,-8.327867,-5.768729,-2.9317498,-2.37915,-0.9133377,-4.2062716,-5.0082164,-9.650735,-5.6561794,-8.566512,-3.7573442,-6.8378377,-9.208588,-10.580419,-1.8350637,-6.882356,-1.9998485,-1.5961424,-10.027823,-5.1448927,-1.5399759,-11.594803,-11.541102,-8.690169,-5.579339,-3.2342105,-10.493952,-0.95363265,-4.2205796
2020-04,5.348066,6.903834,4.8328986,3.1132135,5.687154,4.8625565,5.6050725,6.0498548,2.8152118,4.266752,4.551398,3.5477362,4.1710215,2.8601432,5.058895,4.621298,4.301418,4.8492527,5.5850687,2.4651716,6.445507,3.951569,6.337639,2.4007444,4.7971344,2.6546018,4.7895656,4.783567,4.9956484,5.3620973,6.733223,3.271605,4.8725386,4.3140845,4.980781
2020-05,-3.5711796,-1.0487621,-6.6457915,6.3404646,-4.342912,3.1859004,1.8468065,-1.9199682,-2.3547645,-1.2488112,-6.99369,-8.014085,-1.1241796,1.3171142,-5.224318,1.2430673,-0.6369211,3.6137326,1.8078139,2.185705,-3.0801132,-6.865059,-2.938511,-8.117561,5.798966,0.309448,-5.0052037,3.371812,3.1305294,1.0100073,-0.53780454,-3.6137795,4.753297,-6.6379294,-6.3524837
2020-06,21.615679,19.5669,22.355669,17.549065,23.082054,16.984818,16.918364,20.701214,20.30413,20.53305,20.685347,18.029255,20.474194,15.505242,20.707537,20.515919,19.796083,19.109114,18.683165,15.22455,21.92956,13.676843,21.895245,18.474514,14.043922,18.06544,21.659807,16.940802,16.259377,19.538101,19.994076,20.965883,15.20188,21.301168,22.605865
2020-07,11.032177,12.588067,16.194338,23.597538,11.908504,12.383483,12.573826,14.604772,10.090192,11.251421,9.419066,11.59583,18.472883,15.942877,16.537224,20.057816,11.894563,23.509012,12.317913,10.372529,12.544117,14.54977,13.602695,9.736341,13.440289,11.894677,8.63157,12.895428,12.467198,14.707206,13.1578455,9.291601,14.174962,8.242987,14.04082
2020-08,17.585905,16.00602,14.799929,4.990845,17.717793,14.90136,14.912285,13.278433,17.460705,17.688103,17.872278,17.666431,9.9059515,7.917381,12.612248,8.881579,16.686811,7.8015475,12.526506,15.342652,17.472694,15.355805,16.761992,17.344007,17.122812,16.601418,17.212866,12.4094515,11.920281,10.693041,14.450157,16.96494,15.593807,17.468172,16.843325
2020-09,6.6370378,9.456541,8.240647,4.5548277,6.5329533,9.7859335,8.756672,8.170695,6.3094964,8.134709,3.7498817,6.0228815,7.5975747,8.50882,7.4180646,6.6807766,8.330628,6.287849,8.8203125,6.073851,8.190432,10.468609,8.185193,1.9018013,9.828251,7.1479497,3.3379939,8.710457,8.441701,7.509036,9.349824,4.2790494,9.838064,2.6755621,6.808718
2020-10,-0.7445658,-4.2557197,-5.183849,-11.590924,-0.80488586,-9.102638,-7.747692,-8.002181,-1.8870374,-0.41776276,-0.32233047,0.33565116,-11.015657,-13.4760685,-7.653785,-14.050744,-2.6269674,-11.771366,-10.978921,-9.651267,-0.41231853,-5.8207135,-2.0181005,-1.482388,-8.966794,-3.5596712,-1.9821315,-12.591847,-12.699227,-11.911492,-6.840979,-3.2006004,-9.459323,-2.1117406,-1.9440271
2020-11,-8.241219,-8.601299,-13.180745,-24.72422,-8.256409,-10.83977,-10.747391,-15.692301,-9.658565,-8.215791,-5.955404,-8.0058975,-20.009418,-23.302689,-14.409134,-18.815727,-9.405974,-20.140457,-15.184478,-13.827052,-7.393577,-7.701573,-9.841076,-5.729704,-10.850446,-9.8259735,-8.720471,-12.070507,-12.434706,-18.28177,-13.790627,-9.984333,-10.23768,-6.654004,-10.406368
2020-12,-22.11172,-22.029299,-21.309277,-38.407753,-22.277328,-25.619867,-24.351833,-23.07005,-22.513893,-18.682045,-24.035547,-18.841793,-29.076498,-32.131596,-23.141785,-31.127838,-19.458605,-35.84927,-26.993916,-24.428942,-21.820513,-21.540798,-20.630941,-24.221113,-25.012123,-19.41074,-25.576368,-28.424746,-28.387188,-27.673788,-24.002605,-22.839396,-25.39766,-27.064337,-20.274866
2021-01,-26.439026,-34.543484,-34.34103,-33.386234,-27.466564,-38.323315,-37.82545,-35.296425,-28.387028,-29.402687,-20.542994,-26.419788,-33.35078,-41.918686,-35.23471,-37.808754,-33.710693,-34.74112,-36.75915,-35.871666,-31.661585,-35.748684,-30.664713,-27.00081,-37.435467,-31.757786,-23.364908,-34.639915,-36.82698,-36.99024,-34.814735,-26.394407,-37.39838,-23.269878,-31.003494
2021-02,-24.930418,-25.07065,-31.727016,-33.68604,-27.719414,-26.930601,-26.610899,-28.841125,-20.776306,-22.829323,-25.032766,-29.16818,-30.716534,-38.450584,-31.067125,-31.833763,-24.121244,-32.19048,-29.7162,-18.726095,-24.746267,-32.195297,-26.4347,-22.631723,-23.687054,-20.17041,-21.952566,-31.324575,-31.27645,-30.85908,-27.155146,-20.036415,-27.76935,-23.770658,-30.20003
2021-03,-16.660889,-14.884093,-12.733209,-26.081432,-14.178362,-16.495514,-15.957745,-14.257413,-14.88777,-16.5492,-12.741046,-14.068058,-17.365213,-26.421131,-14.499166,-23.526201,-17.23188,-23.260035,-17.41743,-15.476302,-16.422009,-16.082848,-13.01303,-11.274131,-13.73098,-15.625083,-11.345104,-20.671766,-20.107777,-19.15524,-14.3332615,-12.126194,-15.275763,-12.826335,-12.544487
2021-04,-9.214268,-8.822338,-7.586245,-7.2929387,-9.119347,-6.1766014,-7.544849,-7.5995274,-8.666599,-8.028688,-7.8313026,-8.30262,-4.874628,-8.81132,-7.3367996,-6.629407,-8.400342,-6.1080985,-6.9325066,-10.31991,-9.412029,-6.0079856,-8.196261,-8.472032,-8.668496,-8.187313,-8.151904,-7.8224406,-8.407501,-6.9436345,-7.5446677,-9.024881,-8.131769,-8.250345,-9.051431
2021-05,4.903066,1.0668551,2.9717147,4.6096926,5.152197,-0.97677994,-1.1555027,-0.48631936,4.249738,4.444615,5.4045434,3.2535203,0.7405266,-4.112687,1.7071362,-2.370655,2.5218506,1.7991282,-3.5357442,-0.37500075,4.6412826,0.7150534,4.1342154,4.6477833,1.0253692,3.1387296,6.1708226,-5.0556297,-5.3229594,-4.1460004,-0.56916064,4.794566,-0.4828518,5.108184,3.7395885
2021-06,5.3297014,6.2578983,2.8455107,12.853632,5.1344824,8.988964,8.069554,4.2447095,6.0947146,6.688051,5.8660636,2.752572,11.770434,13.835732,3.793517,14.924817,7.1560683,13.807674,8.378281,7.4376144,5.056036,2.4262955,5.631779,4.068162,11.52345,7.7432575,6.117917,9.85064,9.225283,9.869199,6.214315,6.2189064,10.659939,5.682964,3.7925224
2021-07,23.985168,23.88104,21.446936,19.29177,23.126074,25.325266,24.540749,20.909992,22.811388,24.248777,21.78745,20.078903,19.579733,18.899673,19.327848,19.810287,24.200354,20.20093,24.070274,21.391935,24.223778,15.235304,23.079735,20.084293,25.039476,23.806616,22.666294,23.689995,23.282482,21.361284,22.927704,22.254986,25.110003,22.148804,22.162
2021-08,19.179949,17.862495,22.050394,19.656359,21.422657,16.983915,16.643194,20.47664,17.246159,18.031807,19.995338,21.047958,20.536346,15.916262,20.74518,20.536259,17.983507,20.498484,17.542341,15.454786,18.895258,18.895195,21.181383,19.381535,15.428451,17.042604,18.739414,16.117756,15.886819,18.477335,18.099596,17.846949,15.493792,19.15671,22.60112
2021-09,9.18027,7.6679044,8.727735,1.9927642,8.871974,3.113308,3.8107903,5.8849254,7.800244,9.294495,10.225013,10.932687,4.175357,3.5708828,6.7988253,2.3848748,8.502576,3.1617115,1.0006078,2.4327679,9.691933,9.055518,9.0264845,9.81918,3.705159,8.421661,8.316777,-1.8102747,-1.4596559,0.9701582,5.7201805,7.1456947,1.4204273,9.039656,8.811789
2021-10,-8.076871,-8.577574,-11.437629,-20.032284,-7.246504,-10.401948,-10.214176,-11.041128,-10.5893,-8.035693,-7.262178,-8.400425,-14.849679,-16.926313,-13.0612135,-18.039507,-8.4052,-19.354557,-13.594434,-12.260706,-7.304101,-14.576431,-7.4586825,-7.0756345,-8.227519,-9.128528,-8.376298,-16.39026,-16.071188,-15.024596,-10.041998,-10.04745,-10.8149605,-7.5910845,-9.801705
2021-11,-9.736435,-8.01399,-9.452834,-14.823815,-8.36878,-9.789501,-10.243654,-9.357781,-9.855175,-7.3817472,-5.9930916,-6.32328,-12.491859,-13.692527,-11.276999,-13.772152,-8.774389,-12.228107,-12.263912,-10.71299,-7.624775,-7.9789114,-7.391715,-5.6535873,-10.444227,-7.336938,-8.581852,-13.030387,-13.29927,-13.243405,-9.28785,-9.596308,-10.389639,-7.959727,-8.624811
2021-12,-32.43511,-32.008797,-33.24289,-43.367947,-32.74655,-33.433674,-34.191586,-35.64164,-30.916103,-30.795158,-30.86302,-35.352787,-40.012035,-45.65488,-35.686462,-46.393738,-32.01694,-42.440365,-41.06869,-32.2914,-33.08568,-42.06238,-32.08823,-29.685865,-33.62363,-30.668608,-29.672665,-44.335308,-43.40081,-43.44177,-34.66874,-29.87358,-36.493515,-30.416576,-33.336864
2022-01,-29.156328,-28.536386,-23.699171,-30.963152,-27.269337,-26.70799,-27.817566,-25.46942,-29.132029,-28.497936,-25.13318,-23.826534,-26.829748,-33.25423,-25.792122,-28.335426,-29.20976,-28.743134,-26.02561,-29.519876,-29.692902,-24.388481,-25.03081,-23.994804,-28.614862,-28.769999,-26.677525,-26.430578,-27.013521,-27.414171,-26.716925,-27.952642,-27.199759,-27.022366,-23.31124
2022-02,-30.517181,-27.519106,-28.076094,-27.11625,-29.334661,-30.886423,-29.220839,-27.877687,-26.707651,-28.628637,-27.89596,-29.884382,-28.22065,-28.804766,-26.76362,-29.129196,-28.965263,-29.73341,-29.897242,-23.793932,-29.37942,-27.377375,-27.544949,-25.234392,-26.166252,-26.190145,-24.96354,-31.501413,-30.49233,-29.429567,-27.60814,-24.768906,-29.995354,-27.016254,-28.353022
2022-03,-20.428278,-19.831821,-22.780195,-23.817165,-22.812319,-18.71382,-18.776674,-21.934404,-19.398506,-19.296782,-21.760803,-23.270273,-21.661182,-22.308136,-23.312147,-21.734562,-18.689352,-22.271662,-20.16035,-18.46123,-21.128983,-21.869493,-21.69506,-20.007479,-17.060335,-18.74414,-21.606194,-22.093378,-21.432104,-21.317251,-20.354807,-19.959217,-18.806446,-22.308285,-23.692741
2022-04,2.2337854,1.9833366,-0.4553288,-10.77342,2.1250005,1.8706881,0.851754,-0.4443294,-0.7282108,2.006226,3.738074,0.41570297,-1.8778734,-6.696148,-2.0622215,-4.96457,2.3555708,-7.1063104,-0.21779141,-1.4988807,2.0022643,-4.6243386,2.9549172,0.45595866,2.2043183,1.1264739,2.8080244,1.1080271,0.39730036,-1.5020826,1.4296019,-1.6066887,1.0514096,3.354403,0.5715618
2022-05,15.387328,14.931724,13.756414,6.2005644,15.468341,15.174861,15.873629,12.799595,12.957285,15.144637,14.68427,10.705378,10.831523,12.624066,11.560152,11.568272,15.733715,9.502607,15.915671,12.114838,16.519073,7.3790026,14.05978,9.924886,16.83828,14.259418,13.932057,16.915848,16.611877,13.779453,14.885357,12.016795,17.43153,14.370944,14.439561
2022-06,22.684965,22.604408,22.007322,17.6662,22.480907,20.63098,22.705936,21.884594,20.820349,22.683355,20.606615,17.316347,20.078093,21.189934,21.130695,20.507875,23.32876,18.792456,23.155441,18.691156,22.704815,14.339471,22.579119,17.814241,23.06707,21.614838,21.240664,23.948685,23.57848,21.871937,22.96662,20.368706,24.237888,21.396416,21.787706
2022-07,12.202609,12.96453,15.105661,21.063633,14.16397,17.050987,15.5616455,14.260616,11.041075,12.488223,12.588841,12.259962,11.442117,16.561556,12.023205,13.629042,13.580764,16.77751,16.34486,10.289732,12.918711,11.623168,15.127958,12.746933,16.898859,11.437687,12.437176,17.499275,16.941042,15.364242,14.549621,11.693552,16.956713,12.3040085,14.8011055
2022-08,17.180136,14.70643,17.783249,11.663257,18.539188,11.314846,11.8143215,14.4646435,15.79085,15.543617,19.294462,18.656992,13.014574,12.170333,15.667188,11.415779,14.616928,10.903337,11.003475,8.9451475,16.60067,16.485846,17.47967,18.008312,10.376917,13.8033,18.720705,10.258396,9.76844,11.198071,13.934473,17.277996,10.391346,18.990849,18.38517
2022-09,8.74788,7.112393,4.699246,4.3263283,9.3912735,5.9371567,5.643192,5.4836454,6.922668,7.80791,9.849921,9.975055,3.5819306,3.600942,4.534231,4.9391136,6.8742557,4.9168134,5.7645025,3.3416193,8.581418,7.2984853,7.699958,7.9993973,7.0418673,6.233456,8.353319,6.979235,7.1342926,4.6201935,5.929609,6.8699403,6.2303104,8.923531,7.155153
2022-10,-6.6977973,-4.9471164,-8.574955,-9.237125,-6.4810543,-2.4786747,-3.9865437,-6.521036,-7.496209,-5.591563,-4.9318237,-7.761553,-6.907759,-6.9060254,-8.990819,-5.57359,-6.038728,-6.6856585,-3.643634,-9.14488,-6.590015,-11.676491,-4.937141,-6.096492,-3.3738947,-6.2165956,-5.7733603,-3.0555584,-3.370672,-4.4311357,-4.588872,-7.4879813,-2.787332,-4.5664864,-8.163461
2022-11,-8.651195,-8.935487,-8.122695,-28.140139,-9.498922,-8.495177,-9.497642,-8.038518,-11.6338,-8.446396,-8.592826,-6.5242114,-11.32369,-31.370079,-9.25325,-20.410065,-9.075653,-22.116007,-11.017878,-11.82416,-8.29061,-6.681199,-7.0447183,-9.222699,-7.7114043,-9.365876,-11.052032,-15.1520195,-15.132353,-11.77214,-8.68266,-10.953648,-9.698501,-11.426497,-8.474202
2022-12,-37.32639,-36.65743,-39.571815,-37.24405,-38.266582,-35.850742,-36.39828,-37.66858,-34.721172,-34.998375,-35.74519,-40.692368,-36.20978,-36.387005,-39.71862,-38.566917,-35.885906,-37.011105,-37.881863,-31.727896,-37.15992,-44.953217,-36.666916,-34.734924,-30.7979,-32.74498,-33.21963,-37.708645,-37.736324,-38.709934,-36.622066,-33.3002,-33.45035,-35.316757,-39.42266
2023-01,-23.596764,-27.072206,-25.568918,-37.99474,-23.666348,-26.68154,-27.771019,-27.171743,-22.059383,-23.016764,-23.10998,-22.803867,-27.649141,-46.20591,-27.398031,-32.919697,-25.885696,-34.43243,-26.385305,-29.820679,-25.10683,-28.005228,-23.51855,-24.628262,-29.042048,-23.924137,-21.86862,-26.898535,-28.180357,-26.646437,-27.537746,-21.199528,-26.354927,-23.732311,-23.368593
2023-02,-15.707226,-20.275259,-18.657162,-22.288738,-14.284401,-21.389008,-22.92755,-20.430565,-17.030989,-16.69444,-14.499934,-17.36766,-22.20625,-26.19109,-20.2519,-24.390339,-19.720545,-21.675762,-21.980131,-22.896,-17.41713,-22.853966,-15.386575,-16.83331,-22.92063,-18.851269,-15.327888,-21.023447,-21.43044,-22.77814,-20.192558,-15.61222,-23.58579,-15.217688,-16.119555
2023-03,-12.222093,-13.21319,-14.910822,-21.400602,-12.285913,-11.812485,-13.148329,-12.536404,-13.819751,-13.610912,-9.467337,-11.24329,-14.328436,-17.822334,-14.453857,-14.253516,-13.989488,-15.725517,-11.745133,-14.788927,-12.151879,-13.925289,-12.143457,-10.667395,-13.361025,-14.923557,-12.490477,-13.218002,-13.628843,-13.075489,-11.766561,-13.906339,-14.202442,-11.092089,-13.710946
2023-04,-13.216766,-14.200977,-12.617798,-4.503316,-12.747993,-14.727844,-14.521381,-13.6459,-11.614468,-13.518986,-7.6302514,-8.91487,-11.914788,-18.011003,-13.228057,-11.148111,-14.248412,-5.240092,-16.089224,-12.751552,-14.07609,-10.633109,-13.131577,-5.869979,-15.053388,-13.452939,-8.877436,-17.82097,-18.256517,-16.331985,-14.2737665,-9.619622,-15.95086,-8.296471,-11.13559
2023-05,2.9091692,2.7630904,1.5102206,-1.7427608,3.279063,2.6485252,2.0819545,3.0606127,4.5112042,4.129682,2.1587627,-0.015025174,1.0637728,-2.671957,1.972445,-0.9199665,3.5714276,0.22386287,1.1913207,3.5788383,3.1905735,0.61215085,4.3653264,2.9661562,2.93455,5.203967,4.3723087,-2.3621025,-2.426625,1.0096717,3.0970914,4.549211,1.5382471,2.9126334,1.8111974
2023-06,8.965589,7.3800116,7.0375276,3.4449968,7.837353,6.7974944,6.8694167,6.664481,9.214096,9.229978,7.977183,5.437019,6.9917364,3.439937,5.740021,4.4564605,8.2602215,3.2626896,6.1341596,8.753954,8.279104,3.909674,7.175742,6.9921904,9.407401,9.66723,8.76995,4.371656,4.619473,5.563252,7.0544734,9.358864,7.7214437,8.361344,6.6953106
2023-07,24.719995,22.082949,22.643703,13.492113,23.460083,19.675169,19.440659,19.40501,22.5481,23.384457,24.166254,20.819857,17.383669,13.755103,20.81492,15.151222,22.287832,15.147079,18.442366,20.359224,24.440685,15.022741,23.189127,20.962086,20.589857,22.11103,23.944283,17.628082,17.207603,17.844944,20.039078,22.415108,19.202,24.730478,23.103683
2023-08,13.278064,15.595912,20.997492,16.376226,17.370415,15.041871,14.196956,19.691734,11.066469,11.400047,17.124586,16.950186,19.82341,17.179153,19.837656,18.826866,12.109389,17.576015,18.283142,7.9783325,15.422296,19.014727,18.431257,17.460032,11.88688,9.654617,15.4111,16.948109,16.871017,20.849504,17.84337,12.831719,13.327202,16.432468,19.209417
2023-09,11.410217,11.24994,8.214805,2.9029076,10.64968,15.177648,11.818097,9.850269,9.831882,11.319079,8.951977,10.040993,9.881528,7.580502,8.678632,8.564151,10.857871,6.7544956,11.591798,8.137213,12.008977,8.013082,10.846334,7.9770308,11.7865715,9.992193,8.922185,10.955067,11.038306,10.332511,10.612166,8.991583,12.220258,8.569766,9.185425
2023-10,-0.33968416,1.3638489,-0.2851626,-5.3924193,-0.06920417,0.9197057,1.094266,0.2037294,-0.022661168,-0.016677858,2.5796382,0.6800079,-3.0784698,-4.773893,-0.8015297,-3.910051,-0.112037756,-4.151792,0.23379336,-0.16636668,0.8163337,1.436305,1.28606,3.2621748,-0.53748626,0.022989681,2.7426562,-0.8593648,-1.1645403,-1.4745207,1.3425444,1.5080197,0.2813882,2.650873,-0.36689803
2023-11,-13.64423,-15.59907,-19.941397,-23.769262,-16.047964,-16.663462,-16.565357,-21.080421,-13.003998,-12.395584,-14.911918,-17.071066,-23.023434,-25.789103,-23.108263,-25.28009,-13.855876,-24.778753,-21.611694,-14.343165,-14.521648,-23.907999,-15.661,-11.237804,-11.130367,-11.327625,-12.4886465,-22.66234,-21.998997,-24.195927,-18.287579,-12.592709,-14.761884,-15.01483,-18.65087
2023-12,-34.091312,-32.061295,-30.01512,-38.24938,-32.821644,-31.390228,-31.733835,-30.899841,-34.109493,-31.657326,-30.737688,-30.374546,-35.043255,-40.40969,-34.46686,-36.24665,-31.902422,-35.099022,-33.133873,-31.809422,-33.994385,-37.013794,-30.72627,-30.873295,-28.128252,-30.424255,-31.574717,-32.399006,-32.60848,-33.539185,-31.87924,-32.899208,-30.266687,-31.979177,-29.482489
2024-01,-20.970564,-21.776018,-19.712875,-30.254536,-19.821135,-29.214357,-29.030941,-21.63526,-17.747887,-18.229872,-19.42925,-22.135876,-24.390707,-35.5823,-21.46434,-30.908703,-20.032572,-29.0371,-30.77895,-22.238096,-20.592505,-25.056986,-17.916819,-19.410477,-30.434195,-17.418758,-17.834013,-34.956974,-35.29523,-30.216698,-22.833513,-17.301119,-32.447243,-19.226944,-18.270056
2024-02,-20.998304,-22.001705,-20.15231,-28.977247,-19.16429,-25.609413,-24.81626,-19.427431,-18.428637,-20.221636,-19.881777,-22.24474,-21.953861,-37.661484,-20.83089,-25.105095,-22.275808,-26.997053,-24.188738,-22.755604,-21.385334,-24.321917,-17.04018,-17.748638,-27.55453,-19.195019,-16.646008,-28.369669,-27.85436,-23.604578,-20.886318,-16.098682,-27.684862,-19.024975,-18.616062
2024-03,-10.119084,-12.304028,-9.826539,-18.030714,-9.0994,-16.281183,-16.243484,-13.638573,-9.353385,-9.463598,-7.0222297,-7.2442684,-12.361612,-15.56986,-11.415849,-15.21265,-10.83786,-16.078001,-14.82959,-14.146941,-10.6796255,-10.231618,-10.06014,-6.415523,-16.81896,-8.464223,-7.134954,-16.655273,-17.068989,-14.276549,-12.8382635,-9.36221,-19.188961,-6.9313827,-8.025804
2024-04,7.3691254,6.3888173,5.3667645,-1.2801013,7.082051,2.0909894,2.2898934,5.0954213,6.048586,7.7782373,5.507135,5.0422935,-2.2564292,-3.1773705,3.6331186,-4.2253933,7.742636,-3.36414,-0.54484123,2.7823696,6.871876,3.2995124,6.792678,3.8298073,0.09066739,6.832895,7.5917125,-2.0119221,-1.5831611,-1.6831218,4.9348207,5.924155,-0.015524077,5.878797,6.663389
2024-05,16.341932,13.198034,13.49959,9.261006,16.681301,6.4554887,8.394396,12.936477,14.425694,15.676369,13.372429,9.959286,11.935417,6.9199266,13.005407,10.206728,14.55682,9.979136,8.97381,8.344422,16.293816,6.258943,14.231075,8.71946,5.1878734,13.459341,14.892584,6.0045967,5.6565056,10.22209,12.446919,14.225725,5.204574,13.842303,13.960636
2024-06,22.892714,19.86208,19.063704,5.5672164,22.407423,16.569105,17.832735,16.249052,21.630423,22.168951,22.311577,18.25787,12.990275,5.7174625,16.200232,9.499152,21.40793,5.7911406,15.337736,19.596817,22.575287,9.917559,20.423988,18.111866,20.815073,21.545116,21.974163,14.987911,14.43284,13.293829,17.795124,21.047081,18.842201,22.434624,20.872904
2024-07,22.609621,22.579287,21.7047,17.616598,22.860086,22.733816,22.136072,20.866034,20.52417,21.881433,23.451761,21.540962,18.857565,23.316614,20.055601,19.635128,22.402494,19.219105,21.698597,19.135197,23.074665,18.091717,22.468653,20.125145,22.64227,21.212494,22.3165,21.153522,20.697433,19.301891,22.17111,20.579792,22.617542,23.065308,22.489267
2024-08,18.625921,19.09689,14.202513,9.7289505,17.76034,20.805407,19.181671,15.551175,17.135588,18.379831,16.504591,16.16478,14.322239,16.042088,13.072109,17.409863,18.790842,14.429533,18.612772,16.92788,19.986774,13.692549,18.120981,15.451305,19.148176,17.162586,16.355772,19.290789,18.795403,17.546658,17.82413,16.272924,18.501577,16.246784,15.907416
2024-09,3.294263,-1.4751973,2.2543523,2.572301,3.313095,-10.194607,-8.270041,-0.64149046,4.5589643,2.4233978,3.7857463,3.4481282,1.9578409,-8.007598,1.1088256,1.5363656,-1.0544001,5.4193597,-6.567217,-2.8825126,2.1640766,1.760723,2.746334,3.5632322,-6.671382,0.032445315,4.5790186,-6.878672,-7.0955796,-2.8481445,-2.2601151,5.1651826,-9.402829,3.7531295,2.989681
2024-10,-10.479735,-12.565914,-10.777991,-17.511314,-9.336721,-16.365236,-15.233225,-13.331307,-9.534895,-11.110823,-5.8365493,-7.583244,-12.163628,-16.813217,-12.821789,-17.38628,-12.531409,-16.28135,-15.925249,-13.505439,-12.143494,-12.990693,-10.762964,-4.953973,-14.339071,-11.77059,-5.729352,-17.965532,-17.882782,-16.028347,-12.883195,-6.393141,-15.262191,-5.429543,-9.44571
2024-11,-14.473086,-17.937843,-18.22725,-28.573044,-14.168737,-21.812515,-20.966497,-20.13279,-16.795397,-15.300227,-15.595929,-16.163912,-23.173073,-27.665583,-20.867807,-25.533379,-17.232779,-26.921799,-22.321585,-21.395565,-14.948713,-22.678122,-14.845759,-15.432328,-20.298906,-16.603416,-14.512356,-26.474417,-24.977976,-24.414717,-19.289677,-16.264837,-22.220636,-15.9419155,-16.637308
2024-12,-20.326464,-21.90048,-19.239244,-28.438786,-19.341484,-18.18641,-20.733246,-16.762999,-20.487188,-20.112513,-15.460763,-15.260535,-22.670757,-25.439865,-17.242329,-21.659834,-21.531487,-23.32237,-16.173182,-21.052444,-21.007404,-18.402262,-19.206207,-15.015792,-17.35228,-20.45484,-16.90797,-20.578663,-20.300974,-19.1555,-18.546114,-17.564182,-22.107155,-16.298096,-19.555662
